Minimum Sense Count,Maximum Sense Count,Mean Sense Count,Minimum Fitness,Maximum Fitness,Mean Fitness,Minimum Guess0 Count,Maximum Guess0 Count,Mean Guess0 Count,Minimum Guess1 Count,Maximum Guess1 Count,Mean Guess1 Count
0,31.14,0.61454,-100,55,-56.346,0,61.54,0.70244,0,75.98,0.61412
0,75.88,0.92616,-100,58,-22.678,0,61.78,1.22098,0,76.32,1.2417
0,31.1,0.88176,-100,56,8.221,0,76.3,1.86756,0,76.14,1.73942
0,26.16,0.88816,-100,54,33.886,0,76.8,2.5028,0,75.74,2.01028
0,37.56,1.01182,-100,55,42.591,0,76.48,2.45454,0,75.88,2.04662
0,21.94,1.0288,-100,52,42.124,0,75.98,2.45564,0,76.22,2.09578
0,21.9,0.95096,-100,58,44.018,0,76.12,2.1289,0,76.2,2.17366
0,21.76,0.87728,-100,57,44.44,0,76.76,2.12548,0,51.18,2.23434
0,21.84,0.83066,-100,57,44.528,0,76.36,2.18162,0,51.22,2.26178
0,15.4,0.73782,-100,51,43.996,0,76.34,2.34112,0,51.1,2.0097
0,38.68,0.76174,-100,50,45.786,0,76.26,2.0924,0,51.38,2.18446
0,38.28,0.69226,-100,53,45.353,0,76.12,1.95964,0,75.7,2.22318
0,38.56,0.73978,-100,54,43.557,0,75.92,1.98996,0,51,1.96874
0,15.54,0.59442,-100,54,43.699,0,25.36,1.98578,0,50.32,1.96008
0,15.54,0.58824,-100,56,45.955,0,25.44,1.87464,0,50.5,2.04196
0,29.6,0.63652,-100,59,44.457,0,31.48,1.90172,0,50.46,2.33382
0,26.26,0.59594,-100,59,46.571,0,42.2,2.0061,0,60.7,2.58326
0,30.1,0.74146,-100,58,45.657,0,37.7,1.9968,0,50.68,2.56394
0,30.04,0.78496,-100,55,45.648,0,76.38,1.98822,0,51.24,2.50562
0,29.82,0.83506,-100,56,44.011,0,76.72,1.98312,0,50.78,2.50282
0,24.82,0.939,-100,51,46.088,0,76.6,2.0242,0,50.5,2.70152
0,25.76,0.91712,-100,53,46.994,0,31.1,1.9304,0,51.24,2.41316
0,24.94,0.82874,-100,51,46.7,0,38.52,1.93954,0,50.64,2.57244
0,24.88,0.80908,-100,53,44.593,0,38.66,1.96812,0,50.38,2.52004
0,29.96,0.8867,-100,51,45.492,0,38.54,1.94316,0,50.92,2.41268
0,29.9,0.91056,-100,54,43.693,0,30.72,1.81538,0,75.94,2.62092
0,29.86,0.87574,-100,57,45.07,0,30.7,1.75406,0,76.24,2.72016
0,24.76,0.93102,-100,61,44.913,0,37.54,1.93598,0,75.76,2.88174
0,26,1.0151,-100,56,45.166,0,37.46,1.92516,0,76.36,2.8387
0,30.24,1.0758,-100,57,45.939,0,37.56,1.82342,0,76.32,3.53806
0,30.38,0.97812,-100,55,46.85,0,37.56,1.80172,0,76.7,3.25764
0,22.68,0.9015,-100,57,44.758,0,31.88,1.7883,0,76.56,3.44128
0,22.54,0.87004,-100,58,44.893,0,41.68,1.9525,0,76.64,3.39938
0,22.48,0.7282,-100,54,45.803,0,45.58,2.07588,0,76.16,3.09326
0,50.54,0.78786,-100,59,46.058,0,51.38,1.99376,0,76.28,3.07298
0,50.16,0.82532,-100,54,45.204,0,50.8,1.87674,0,76.44,3.56252
0,50.28,0.80366,-100,59,45.516,0,51.02,1.95588,0,76.56,3.67218
0,37.56,0.8841,-100,54,45.363,0,41.72,1.93128,0,76.36,3.78658
0,38.48,0.9182,-100,57,43.692,0,22.46,1.85186,0,75.96,3.54266
0,31.04,0.7715,-100,56,45.765,0,34.36,1.8739,0,76.78,3.40666
0,33.88,0.89854,-100,56,44.451,0,50.98,1.82928,0,76.4,3.04904
0,51.78,0.89386,-100,55,45.36,0,30.6,1.79534,0,76.26,2.87014
0,52.04,0.9036,-100,58,46.711,0,30.78,1.91314,0,76.2,3.0184
0,36.1,0.77492,-100,57,45.516,0,32.82,1.89696,0,76,2.6633
0,36.08,0.76714,-100,58,45.962,0,30.76,2.00884,0,48,2.73338
0,36.08,0.83422,-100,62,44.638,0,30.68,2.01698,0,48,2.85812
0,36.18,0.84286,-100,55,45.626,0,49.5,2.26762,0,47.86,2.89562
0,25.82,0.66096,-100,59,46.721,0,37.56,1.94394,0,50.86,2.91914
0,32.82,0.8163,-100,67,45.502,0,31.16,1.89294,0,75.52,3.1978
0,26.06,0.79476,-100,58,45.776,0,30.86,1.68314,0,43.88,2.92336
0,26.2,0.68172,-100,55,45.197,0,37.54,1.5329,0,44.62,2.99124
0,26,0.6086,-100,55,45.617,0,30.74,1.60636,0,50.42,2.99728
0,30.98,0.66076,-100,61,45.666,0,30.68,1.5497,0,51.24,2.9083
0,30.3,0.78424,-100,56,44.147,0,22.04,1.55956,0,51.38,2.97674
0,29.48,0.76592,-100,58,45.045,0,16.18,1.5601,0,51.36,3.02388
0,28.22,0.66194,-100,57,44.464,0,25.24,1.50884,0,51.24,2.9596
0,22.32,0.6328,-100,59,45.983,0,21.54,1.69056,0,51.22,3.0141
0,22.58,0.69552,-100,58,46.806,0,21.58,1.83412,0,60.7,3.61944
0,22.66,0.8691,-100,57,45.301,0,22.28,1.98798,0,51.36,3.58182
0,25.78,0.7854,-100,57,47.307,0,25.4,1.89076,0,61.58,3.5242
0,31.16,0.81222,-100,60,44.01,0,23.54,1.75828,0,51.22,3.34192
0,38.54,0.9453,-100,60,45.205,0,23.26,1.77766,0,51.36,3.37422
0,38.3,0.91074,-100,60,46.135,0,35.16,2.03864,0,43.38,3.12372
0,34.52,0.94822,-100,59,45.916,0,34.78,1.85016,0,43.4,3.01014
0,36.32,0.8833,-100,60,43.852,0,34.82,1.75462,0,50.88,2.88024
0,35.18,0.83508,-100,59,45.041,0,35.06,1.7731,0,51.04,2.73382
0,35.22,0.81408,-100,57,43.509,0,35.2,1.82748,0,51.72,2.64526
0,34.46,0.79974,-100,55,45.198,0,35.14,1.86668,0,51.28,2.8175
0,44.24,0.89384,-100,56,45.057,0,35.16,1.8057,0,51.16,2.96168
0,44.72,1.1694,-100,59,47.32,0,44.26,1.85562,0,51.24,3.16822
0,44.54,1.32834,-100,60,46.547,0,44.38,1.93396,0,51.04,3.26378
0,44.48,1.16588,-100,58,45.359,0,44.42,2.04844,0,61.02,3.18698
0,44.38,1.13498,-100,56,45.48,0,51.34,2.1938,0,61.24,3.25756
0,44.66,1.08114,-100,59,45.623,0,51.6,2.1117,0,60.78,2.90424
0,44.52,0.92934,-100,54,46.221,0,61.76,2.06152,0,51.06,2.63
0,44.48,1.2036,-100,55,46.712,0,61.96,1.88812,0,51.24,2.93208
0,44.54,1.21056,-100,59,45.678,0,62.04,1.93828,0,51.5,2.8582
0,44.7,1.22626,-100,57,45.467,0,61.66,2.25346,0,51.32,3.1801
0,44.42,1.21338,-100,63,46.72,0,61.92,2.24312,0,51,3.06968
0,44.7,1.14854,-100,60,46.071,0,32.04,2.14694,0,51.14,3.02932
0,43.62,1.06176,-100,60,45.368,0,32.18,2.1495,0,51.16,2.9415
0,66.36,1.22726,-100,62,46.402,0,37.82,2.2233,0,51.42,3.01336
0,45.48,1.26602,-100,60,45.632,0,26.48,2.18888,0,51.66,3.05306
0,46.36,1.26094,-100,59,47.284,0,26.24,2.15342,0,51.34,2.99634
0,31.1,1.28126,-100,55,46.185,0,30.48,2.20492,0,51.46,3.0668
0,30.6,1.14818,-100,60,46.417,0,76.22,2.19708,0,75.86,2.95462
0,30.78,1.07844,-100,58,45.207,0,32.08,1.94204,0,76.14,2.93906
0,38.52,1.17122,-100,61,46.294,0,42.5,2.21998,0,75.96,3.03298
0,38.6,1.19058,-100,58,45.653,0,42.56,2.19524,0,75.5,2.91586
0,38.52,1.06082,-100,59,45.503,0,42.74,2.42258,0,75.82,3.02808
0,46.22,1.11074,-100,59,46.534,0,42.5,2.65232,0,76.14,3.20262
0,47.16,1.0332,-100,60,45.37,0,46.18,2.2138,0,76.64,3.2374
0,47.04,1.02878,-100,58,46.117,0,51.36,2.22228,0,75.62,3.3316
0,38.14,1.11992,-100,59,45.657,0,75.86,2.37938,0,43.06,2.96644
0,38.36,1.17116,-100,60,47.604,0,51.82,2.48132,0,38.3,3.39034
0,37.92,0.99516,-100,60,46.847,0,51.54,2.4142,0,50.94,3.31896
0,38.3,1.00668,-100,61,46.798,0,51.22,2.1418,0,51.2,3.4494
0,38.16,1.05768,-100,57,47.005,0,38.18,2.00472,0,51.18,3.30594
0,38.16,1.12512,-100,60,46.719,0,50.66,2.00786,0,51.2,3.35582
0,38.08,1.03776,-100,58,45.044,0,32.1,2.14736,0,51.2,3.22668
0,39.58,0.94652,-100,59,46.107,0,35.24,1.98702,0,51,2.93262
0,39.56,0.97226,-100,58,44.261,0,35.48,2.05054,0,76.22,2.828
0,39.28,0.86642,-100,56,45.614,0,50.86,2.19144,0,76.26,2.62492
0,51.56,0.82022,-100,56,46.09,0,51.14,2.14126,0,61.28,2.49788
0,44.62,0.8101,-100,77,45.654,0,51.28,2.23148,0,72.3,2.52848
0,38.98,0.7104,-100,78,45.406,0,51.2,2.48416,0,73.5,2.32338
0,44.62,0.82398,-100,75,45.802,0,57.12,2.65906,0,76.76,2.22998
0,39.16,0.8097,-100,74,45.098,0,76.46,2.69918,0,75.98,2.41972
0,49.94,0.87324,-100,76,45.991,0,75.86,2.88388,0,76.4,2.36542
0,50.38,0.8887,-100,72,45.859,0,60.38,2.4837,0,76.46,2.34496
0,51.02,1.05348,-100,78,46.691,0,57.26,2.56402,0,75.82,2.23452
0,50.32,1.01764,-100,75,46.709,0,51,2.516,0,76.3,2.58098
0,38.46,1.12874,-100,76,45.704,0,35.52,2.45042,0,75.5,2.17282
0,38.26,1.09006,-100,82,45.989,0,50.88,2.6082,0,76.48,2.39994
0,38.26,1.30888,-100,77,45.191,0,76.22,2.93596,0,76.74,2.67272
0,20.88,1.29192,-100,76,47.344,0,51.14,2.89624,0,76.6,2.47686
0,23.88,1.94572,-100,78,48.125,0,51.2,2.8572,0,76.88,2.339
0,21.92,2.2303,-100,66,47.003,0,51.2,2.51322,0,76.38,2.1935
0,21.3,2.74908,-100,76,50.761,0,51.12,2.43966,0,76.8,2.54326
0,29.5,3.96884,-100,79,53.204,0,51.4,2.32378,0,76.52,2.63964
0,61.78,5.04018,-100,71,51.324,0,39.04,2.0598,0,76.58,2.65498
0,27.96,5.62306,-100,68,54.411,0,47.88,1.79268,0,76.44,2.34448
0,76.72,6.47756,-100,72,56.191,0,38.8,1.89732,0,76.38,2.1813
0,76.28,7.13322,-100,70,54.607,0,38.6,1.76742,0,31.16,2.15866
0,75.86,7.80918,-100,73,58.759,0,11.84,1.89776,0,31.1,2.2518
0,100.96,7.65756,-100,73,58.724,0,27.2,1.9374,0,31.24,2.2926
0,59.72,7.75522,-100,74,61.294,0,10.18,2.03298,0,31.12,2.2118
0,31,7.4803,-100,72,58.565,0,9.68,1.87982,0,29.78,2.12514
0,51.92,7.67852,-100,76,59.613,0,21.24,2.23182,0,11.66,2.03692
0,75.58,7.40526,-100,68,56.154,0,12.86,1.53078,0,10.94,2.09922
0,101.1,7.6611,-100,82,67.383,0,20.96,2.52878,0,14.7,2.17286
0,51.98,7.1457,-100,74,59.273,0,50.26,1.97158,0,29.8,2.1743
0,76.4,7.13676,-100,77,61.071,0,50.84,2.18422,0,11.36,2.07916
0,50.94,7.08128,-100,81,63.876,0,60.62,2.44932,0,9.12,2.0021
0,30.56,6.75186,-100,78,63.324,0,12.44,2.1711,0,33.46,2.1051
0,52.04,6.36366,-100,70,57.141,0,36.22,1.64656,0,33.9,2.0985
0,76.78,6.52192,-100,77,62.483,0,23.64,2.04366,0,32.9,2.09738
0,76.18,6.92338,-100,78,61.158,0,23.7,2.12582,0,37.26,2.15692
0,31.86,6.07106,-100,74,58.989,0,18.3,1.80914,0,30.42,2.11104
0,76.1,6.47886,-100,74,58.873,0,10.44,1.7535,0,75.88,2.16802
0,101.14,6.54352,-100,80,65.098,0,18.3,2.21926,0,18.9,2.11322
0,75.84,6.2832,-100,76,61.677,0,18.52,2.03224,0,50.92,2.09412
0,50.8,5.96986,-100,79,63.447,0,20.82,2.17142,0,50.7,2.1128
0,101.64,5.93678,-100,70,55.486,0,25.64,1.62252,0,12.24,2.0176
0,76.18,5.8051,-100,72,58.595,0,21.34,1.69046,0,14.5,2.0854
0,50.34,5.97818,-100,10017,69.203,0,36,1.76646,0,24.86,2.10294
0,101.88,6.048,-100,10017,84.075,0,36.12,2.04358,0,8.76,2.11634
0,101.74,5.69212,-100,10016,77.106,0,36,1.47882,0,14.32,2.13318
0,76.44,5.6299,-100,10016,116.058,0,10.1,1.5246,0,23.96,2.18578
0,76.16,5.97686,-100,10018,191.44,0,11.64,1.83236,0,25.44,2.2232
0,32.08,5.48614,-100,10018,316.921,0,12.68,1.655,0,25.5,2.16696
0,51.44,5.3743,-100,10019,515.615,0,14.72,1.7054,0,21.22,2.18664
0,61.58,5.49038,-100,10032,753.746,0,12.1,1.6247,0,24.72,2.1655
0,51.94,5.5596,-100,10045,1057.16,0,9.8,2.15142,0,14.98,2.14506
0,76.04,5.09974,-100,10045,1519.32,0,11.02,1.83466,0,14.82,2.1398
0,39.4,5.16518,-100,10038,1936.98,0,11.46,1.90014,0,29.5,2.16984
0,38.98,5.15366,-100,10040,2671.47,0,11.96,1.87704,0,23.94,2.17398
0,101.16,4.99306,-100,10043,3299.18,0,11.68,1.91916,0,24.04,2.17412
0,101.08,4.84728,-100,10043,4163.55,0,17.08,1.85562,0,22.26,2.1864
0,55.64,4.74266,-100,10045,5048.26,0,17.12,2.16504,0,24.56,2.1805
0,71.26,4.59348,-100,10045,5645.49,0,19.54,2.09608,0,21.02,2.12822
0,71.12,4.40772,-100,10051,5957.29,0,16.78,2.2937,0,16.44,2.09938
0,101.82,4.27726,-100,10059,6125.34,0,18.9,2.3827,0,14.66,2.04232
0,102.26,4.44842,-100,10055,6349.31,0,17.96,2.51922,0,21.48,2.14642
0,62.22,4.5071,-100,10060,6102.14,0,23.2,2.64448,0,16.5,2.21642
0,60.2,4.4401,-100,10072,6053.13,0,23.3,2.4683,0,16.56,2.21352
0,61.88,4.49298,-100,10072,6215.04,0,19.78,2.62216,0,18.32,2.23962
0,55.76,4.36738,-100,10073,6156.54,0,23.72,2.78944,0,24.84,2.19832
0,51.52,4.41216,-100,10073,6477.08,0,23.68,2.9108,0,24.34,2.192
0,26.96,4.28248,-100,10073,6159.19,0,16.76,2.7789,0,24.36,2.25126
0,101.8,4.33072,-100,10074,6360.06,0,20.96,2.78014,0,16.14,2.21826
0,76.68,4.34532,-100,10075,6523.13,0,21.84,2.76804,0,21,2.22966
0,65.74,4.1964,-100,10075,6594.16,0,14.44,2.77988,0,15.26,2.14146
0,76.86,4.44028,-100,10075,6574.18,0,14.18,2.80418,0,18.7,2.13994
0,76.34,4.27086,-100,10075,6427.54,0,22.86,2.84044,0,18.52,2.18086
0,102.16,4.33632,-100,10076,6380.1,0,22.76,2.75042,0,18.74,2.12114
0,52.02,4.15564,-100,10076,6301.24,0,25.42,2.62654,0,18.76,2.0336
0,51.92,4.23444,-100,10080,6633.97,0,21.84,2.54764,0,24.84,2.11306
0,61.82,4.28374,-100,10080,6694.79,0,30.14,2.66536,0,21.3,2.08128
0,44.56,4.29314,-100,10081,6737.97,0,21.82,2.653,0,20.84,2.17938
0,76.24,4.3009,-100,10080,6487.64,0,21.84,2.58498,0,21.06,2.15084
0,76.44,4.45396,-100,10080,6610.43,0,25.18,2.63746,0,24.56,2.1313
0,77.06,4.46586,-100,10083,6730.03,0,37.68,2.8056,0,24.78,2.08782
0,100.8,4.2859,-100,10083,6731.68,0,16.18,2.81186,0,18.6,2.05192
0,77.12,4.28742,-100,10083,6972.24,0,37.76,2.95802,0,18.78,2.05648
0,76.54,4.40926,-100,10083,6874.22,0,29.82,3.09312,0,18.64,2.06126
0,75.8,4.47816,-100,10084,6582.78,0,30.26,3.1566,0,43.56,2.10036
0,61.02,4.25394,-100,10085,6693.58,0,29.72,3.40112,0,24.68,2.08798
0,34.96,4.1271,-100,10084,6804.15,0,25.46,3.4574,0,16.48,2.02956
0,51.66,4.32622,-100,10084,6655,0,28.42,3.79878,0,37.34,2.0867
0,101.24,4.24742,-100,10085,6804.6,0,25.34,3.884,0,16.28,2.0337
0,61.96,4.37524,-100,10085,6917.53,0,25.26,4.03904,0,20.98,2.09576
0,101.82,4.6731,-100,10085,6636.54,0,37.4,4.22084,0,21.1,2.00516
0,76.7,4.33252,-100,10086,6596.26,0,37.54,4.32656,0,24.88,2.01222
0,51.1,4.26076,-100,10087,7028.84,0,50.32,4.60846,0,13.9,2.0465
0,61.4,4.39656,-100,10087,6968.62,0,28.4,4.91264,0,15.18,2.06082
0,76.46,4.24472,-100,10088,7010.12,0,21.92,5.13006,0,11.3,2.04784
0,76.62,4.27516,-100,10087,6749.51,0,29.12,5.3892,0,24.8,2.08198
0,101.36,4.59468,-100,10087,7049.86,0,36.72,5.83724,0,24.66,2.09748
0,101.82,4.6997,-100,10088,6967.93,0,29.16,6.29292,0,25,2.1304
0,77.04,4.70414,-100,10088,6979.39,0,33.44,6.87532,0,25.24,2.12732
0,102.54,4.52024,-100,10089,7000.84,0,27.02,7.13296,0,25.22,2.12994
0,61.8,4.13916,-100,10089,7042.46,0,28.68,7.90386,0,24.8,2.18962
0,61.88,4.22374,-100,10089,7131.04,0,37.06,8.95356,0,29.86,2.26846
0,76.36,4.191,-100,10090,7182.26,0,52.7,9.71908,0,21.26,2.29098
0,75.88,4.03092,-100,10090,7172.73,0,43.56,10.4609,0,20.7,2.31194
0,76.84,4.17134,-100,10091,6961.44,0,47.98,10.5571,0,21.32,2.45732
0,35.04,4.00696,-100,10091,7102.88,0,43.72,11.6048,0,32.94,2.65748
0,77.04,4.2404,-100,10091,7153.11,0,44.2,12.1393,0,32.68,2.66186
0,100.8,4.39848,-100,10091,7142.74,0,48.04,12.5969,0,24.52,2.6845
0,101.72,4.09772,-100,10091,7213.96,0,44.28,13.3807,0,15.92,2.61382
0,101.72,4.09784,-100,10091,7294.55,0,48.78,14.0531,0,13.04,2.57662
0,44.66,4.0066,-100,10091,7184.45,0,49.04,15.098,0,24.36,2.59412
0,20.88,3.9603,-100,10092,7214.96,0,46.92,15.7775,0,48.3,2.58614
0,51.32,4.04784,-100,10092,7366.64,0,48.46,16.3058,0,25.98,2.44022
0,44.44,3.9389,-100,10093,7295.74,0,45.9,17.155,0,21.18,2.30692
0,39.62,3.8884,-100,10093,7195.2,0,45.56,17.5912,0,21.06,2.25208
0,17.72,3.91348,-100,10093,7215.9,0,49.8,17.6475,0,18.18,2.10718
0,44.58,3.9833,-100,10093,7226.21,0,48.12,18.6005,0,21.22,2.06908
0,102.18,4.07876,-100,10093,7336.01,0,49.08,19.7022,0,19.28,2.05024
0,76.38,4.11788,-100,10093,7295.97,0,49.44,19.573,0,29.86,2.05108
0,75.94,4.0348,-100,10093,7476.96,0,47.5,19.6082,0,18.72,2.04922
0,101.04,4.2129,-100,10093,6995.04,0,48.36,19.8512,0,25.4,2.01914
0,75.92,4.00968,-100,10093,7216.31,0,48.94,20.4257,0,25.38,1.99416
0,76.58,4.17126,-100,10093,7285.69,0,48.94,20.2102,0,25.16,1.99358
0,76.6,4.16604,-100,10093,7496.89,0,47.74,20.6293,0,20.98,1.99012
0,75.92,4.01172,-100,10093,7548.62,0,49.26,20.6146,0,4,1.95436
0,21.44,3.8965,-100,10093,7468.21,0,48.84,20.7149,0,10.42,1.96442
0,76.34,4.023,-100,10093,7368,0,49.12,20.9513,0,18.82,2.00416
0,75.8,3.97454,-100,10093,7035.7,0,48.8,20.1017,0,4,1.942
0,100.94,4.14356,-100,10093,7157.04,0,49.04,19.8447,0,29.94,2.00876
0,76.16,4.25426,-100,10093,7317.81,0,48.7,20.1221,0,29.86,2.07442
0,101.8,4.28832,-100,10093,7306.72,0,48.24,20.4904,0,25.1,1.94992
0,100.48,4.23982,-100,10093,7558.11,0,47.74,20.8329,0,11.66,1.9471
0,76.7,4.0589,-100,10093,7458.22,0,46.86,20.0883,0,4,1.943
0,101.46,4.19204,-100,10093,7417.6,0,49.1,20.233,0,29.7,1.95866
0,77,4.13166,-100,10093,7548.44,0,49.42,20.1598,0,29.72,2.0099
0,21.88,3.93688,-100,10093,7567.88,0,49.92,20.7079,0,4,1.945
0,51.34,4.0244,-100,10094,7579.59,0,47.72,20.8401,0,29.86,2.02702
0,76.76,4.017,-100,10094,7336.9,0,49,20.5224,0,24.72,1.9567
0,76.48,4.14432,-100,10094,7347.42,0,49.92,20.4473,0,25.82,1.9874
0,76.3,4.00612,-100,10094,7569.63,0,50,20.7973,0,27.44,2.00498
0,61.58,3.97134,-100,10094,7468.92,0,49.88,20.5535,0,29.62,1.98056
0,76.56,4.08006,-100,10094,7579.05,0,48.42,21.0616,0,29.92,2.0103
0,51.74,3.9864,-100,10094,7670.68,0,48.98,20.7622,0,25.04,2.00604
0,101.16,4.0367,-100,10094,7547.79,0,49.02,20.7939,0,4,1.951
0,101.52,4.09026,-100,10094,7607.91,0,49.4,20.7085,0,29.76,1.97594
0,76.44,4.08808,-100,10094,7840.83,0,49.84,20.4993,0,25.42,1.99428
0,101.98,4.0701,-100,10094,7538.97,0,49.44,20.7198,0,29.84,1.98334
0,101,4.06718,-100,10094,7810.55,0,49.46,20.7651,0,30.32,1.9923
0,6,3.877,-100,10094,7801.39,0,49.12,20.9335,0,4,1.983
0,6,3.879,-100,10094,7680.72,0,48.46,20.3874,0,25.94,1.99694
0,28.02,3.92452,-100,10094,7931.19,0,48.56,20.7565,0,25.94,2.03466
0,76.58,4.0434,-100,10094,7901.34,0,49.7,21.0478,0,25.98,1.98098
0,76.24,4.14178,-100,10094,8072.9,0,49.68,20.7218,0,37.36,1.99136
0,101.92,4.11898,-100,10094,8071.29,0,49.76,20.3705,0,37.5,2.00602
0,101.3,4.06168,-100,10094,7981.46,0,49.84,20.4639,0,37.46,2.02346
0,101.66,4.20478,-100,10094,7871.16,0,49.1,20.5912,0,37.18,2.03058
0,101.46,4.10326,-100,10094,8103.11,0,50.44,21.488,0,20.2,2.0132
0,76.46,4.0822,-100,10094,7861.87,0,48.8,21.3875,0,37.52,1.99452
0,32.76,3.98242,-100,10094,8113.11,0,48.46,21.1556,0,26.08,1.99518
0,76.5,4.15296,-100,10094,7851.17,0,47.98,20.8189,0,25.84,2.04372
0,21.88,3.90988,-100,10094,7962.62,0,48.74,20.6329,0,4,1.959
0,62,3.98692,-100,10094,7992.53,0,49.86,21.047,0,30.28,2.0019
0,76.62,4.00938,-100,10094,7760.29,0,49.34,19.947,0,37.5,1.97914
0,101.6,4.0748,-100,10094,8071.45,0,48.86,20.5283,0,25.88,1.98274
0,8,3.88942,-100,10094,7951.57,0,50.06,20.0215,0,4,1.942
0,102.18,4.17906,-100,10094,8002.47,0,47.74,20.0517,0,37.52,2.05956
0,76.6,4.14534,-100,10094,7970.87,0,49.9,20.314,0,37.5,2.02764
0,61.78,3.9876,-100,10094,8172.59,0,48.42,20.384,0,30.26,1.98982
0,101.42,4.06444,-100,10094,8062.23,0,49.14,20.2926,0,37.2,1.98918
0,101.46,4.06132,-100,10094,8303.54,0,49.76,20.7297,0,30.28,2.0052
0,76.24,3.97812,-100,10094,7970.65,0,49.56,20.4874,0,37.52,1.96334
0,76.62,4.1004,-100,10094,7870.15,0,49.24,20.2737,0,37.64,1.9988
0,101.1,4.11484,-100,10094,7921.15,0,49.1,19.8869,0,4,1.97116
0,51.68,4.03206,-100,10094,7891.08,0,48.42,20.5221,0,25,1.99472
0,76.86,4.04002,-100,10094,7922.04,0,49.1,20.1097,0,37.58,2.08146
0,22.08,3.91108,-100,10094,8203.51,0,47.64,20.4891,0,25.92,2.01592
0,102,4.09224,-100,10094,7991,0,48.34,20.8381,0,23.64,1.95864
0,76.78,4.02316,-100,10094,8233.75,0,48.62,20.6262,0,37.66,2.00166
0,62.08,4.10914,-100,10094,8143.45,0,46.46,20.4244,0,30.54,2.05384
0,77.68,4.25534,-100,10094,8193.44,0,47.72,20.6479,0,38.16,2.07414
0,101.72,4.03778,-100,10094,7930.97,0,49.48,20.4276,0,20.1,1.98548
0,101.04,4.12404,-100,10094,7831.53,0,47.98,20.3118,0,37.14,1.99214
0,101.1,4.05086,-100,10094,7629.92,0,48.04,19.7801,0,14.12,1.96312
0,102.06,4.37732,-100,10094,7900.76,0,49,20.1768,0,30.32,1.98212
0,101.96,4.1055,-100,10094,7962.3,0,48.24,20.358,0,4,1.945
0,38.78,3.96534,-100,10094,7981.12,0,49.02,20.1702,0,38.24,1.98792
0,76.98,4.08914,-100,10094,7841.41,0,50.3,19.8922,0,37.7,2.03398
0,101.44,4.40124,-100,10094,7891.47,0,49.38,20.2494,0,37.72,2.13592
0,76.46,4.05958,-100,10094,8021.86,0,48.6,20.0713,0,37.6,2.04502
0,101.28,4.12772,-100,10094,7962.89,0,47.88,19.9856,0,13.62,1.99468
0,76.62,4.07022,-100,10094,8042.85,0,48.5,20.5955,0,25.76,1.9971
0,8,3.888,-100,10094,8031.67,0,48.5,20.5022,0,4,1.94
0,76.66,4.04854,-100,10094,7951.77,0,49.12,20.2938,0,37.62,1.99462
0,27.74,3.89374,-100,10094,7861.44,0,49.82,19.7672,0,19.92,1.9835
0,22.22,3.92316,-100,10094,7980.98,0,47.88,19.553,0,26.24,1.9853
0,6,3.938,-100,10094,8043.2,0,47.78,19.5936,0,4,1.982
0,6,3.92,-100,10094,8032.32,0,48.52,20.1546,0,4,1.95098
0,6,3.906,-100,10094,8082.48,0,48.18,20.0991,0,4,1.96
0,101.46,4.2002,-100,10094,8031.55,0,48.38,20.0484,0,37.66,2.02292
0,76.68,4.16624,-100,10094,7951.52,0,49.82,20.1171,0,37.6,2.06082
0,61.2,4.02374,-100,10094,7992.09,0,48.14,20.3661,0,50.24,2.06672
0,76.6,4.00852,-100,10094,8061.37,0,48.6,20.4617,0,37.42,2.00472
0,101.1,4.23742,-100,10094,7961.19,0,49.64,20.2013,0,37.42,2.01544
0,76.3,4.0694,-100,10094,8183.27,0,28.22,20.1786,0,13.64,1.98714
0,24.36,3.88836,-100,10094,7872.4,0,49.12,20.4798,0,11.94,1.97494
0,28.02,3.88102,-100,10094,7879.83,0,49.02,20.5482,0,25.72,1.97548
0,76.3,4.05302,-100,10094,7982.26,0,49.58,20.6238,0,37.58,2.05154
0,76.46,4.07478,-100,10094,8071.97,0,49.2,20.9225,0,37.48,2.06384
0,76.4,3.9694,-100,10094,7902.38,0,48.34,21.1141,0,37.44,2.01826
0,101.06,4.04648,-100,10094,7871.9,0,49.3,20.7269,0,4,1.967
0,75.86,4.04286,-100,10094,7921.91,0,49.04,21.119,0,20.24,1.98024
0,101.96,4.1468,-100,10094,8102.78,0,49.12,21.2188,0,30.44,2.02024
0,6,3.891,-100,10094,7850.63,0,49.76,20.6765,0,20.08,1.97774
0,76.46,4.08708,-100,10094,8012.05,0,49.56,20.8091,0,30.38,1.99984
0,76.5,3.93562,-100,10094,7910.77,0,47.82,20.7179,0,37.6,1.98966
0,101.14,4.04598,-100,10094,7740.39,0,49.86,20.8451,0,25.5,1.99912
0,101.26,4.11382,-100,10094,8021.41,0,49.84,21.4198,0,20,1.97604
0,27.72,3.9354,-100,10094,8072.6,0,50.02,20.9324,0,19.88,1.99856
0,76.4,3.99984,-100,10094,7811.94,0,47.68,20.4795,0,37.38,2.01138
0,76.84,3.97878,-100,10094,7841.21,0,49.02,20.9517,0,6.98,1.95798
0,51.66,3.96186,-100,10094,7791.57,0,48.96,20.672,0,11.9,1.9759
0,75.64,4.05918,-100,10094,8032.24,0,48.94,20.964,0,30.1,2.0525
0,101.92,4.08108,-100,10094,7921.7,0,49.04,20.9832,0,20.04,1.97604
0,75.76,3.97676,-100,10094,7861.46,0,49.18,20.6436,0,37.16,1.99216
0,76.88,4.10302,-100,10094,7791.07,0,49.1,20.9879,0,37.66,2.08262
0,61.82,3.99176,-100,10094,7539.57,0,48.08,20.1185,0,37.5,2.04048
0,75.94,3.96194,-100,10094,7598.58,0,47.78,20.3419,0,25.72,1.94272
0,76.82,4.0764,-100,10094,7730.62,0,49.96,20.8327,0,37.5,1.99942
0,76.54,4.07042,-100,10094,7438.48,0,48.42,20.0356,0,29.94,2.02236
0,101.56,4.1521,-100,10094,7660.75,0,48.58,20.323,0,37.22,2.04114
0,100.8,4.13092,-100,10094,7921.73,0,48.98,20.5111,0,37.6,2.01014
0,101.6,4.17328,-100,10094,8192.69,0,48.28,21.3433,0,13.98,1.96274
0,76.34,4.2787,-100,10094,7950.99,0,48.74,20.7574,0,37.44,2.06922
0,101.18,4.0648,-100,10094,8122.15,0,48.16,21.3763,0,30.26,1.97226
0,101.28,4.182,-100,10094,7880.31,0,48.78,19.9951,0,37.6,1.99986
0,76.1,4.03726,-100,10094,7689.58,0,49.68,19.9663,0,30.38,1.98938
0,61.84,3.9948,-100,10094,7851.29,0,48.86,20.0405,0,30.26,1.97326
0,8,3.9,-100,10094,7801.19,0,49.64,19.7407,0,20,1.965
0,101.72,4.0177,-100,10094,7770.83,0,49,19.9411,0,20.02,2.03072
0,62.04,3.933,-100,10094,7861.08,0,49.48,20.339,0,30.44,1.9845
0,76.86,4.08146,-100,10094,7961.27,0,48.66,20.1034,0,37.6,2.04368
0,76.36,3.96736,-100,10094,8001.42,0,48.82,19.646,0,37.5,1.9835
0,76.54,4.19908,-100,10094,8222.64,0,48.18,20.0446,0,30.12,1.9938
0,61.34,3.99332,-100,10094,7982.09,0,48.34,20.2566,0,30.02,2.01766
0,61.62,3.96962,-100,10094,8062.06,0,49.7,20.5004,0,30.08,1.97808
0,101.68,4.09892,-100,10094,8062.09,0,49.2,19.851,0,19.98,1.98234
0,75.36,3.98542,-100,10094,7981.98,0,49.06,19.8855,0,26.08,2.02326
0,28.64,3.9325,-100,10094,7881.51,0,47.32,19.6819,0,19.96,2.01698
0,27.88,3.96778,-100,10094,8052.18,0,48.38,20.1532,0,20.1,2.00616
0,101.76,4.31088,-100,10094,8051.83,0,47.84,19.9754,0,20.1,1.98196
0,77.06,4.00324,-100,10094,8303.29,0,48.08,20.2995,0,37.8,2.04152
0,76.84,3.98684,-100,10094,8031.61,0,48.4,19.586,0,37.64,1.98564
0,102.04,4.01804,-100,10094,7861.22,0,49.42,19.8735,0,4,1.927
0,100.84,4.07886,-100,10094,7912.54,0,49.4,20.1256,0,19.98,1.98354
0,77.18,4.10776,-100,10094,8173.38,0,47.88,20.419,0,37.94,2.07578
0,76.38,4.01606,-100,10094,8173.08,0,48.36,20.8424,0,37.46,2.00604
0,76.28,3.99596,-100,10094,8031.79,0,47.8,20.7249,0,20.2,1.99392
0,101.22,4.09618,-100,10094,8001.66,0,46.78,21.0734,0,19.98,1.96986
0,27.9,3.95966,-100,10094,7922.07,0,47.5,20.7973,0,25.8,2.05808
0,100.6,4.04024,-100,10094,7962.15,0,48.88,20.3522,0,25.86,2.07452
0,77.06,3.99496,-100,10094,8132.68,0,49.1,20.7962,0,37.82,2.03468
0,76.02,4.07024,-100,10094,8172.26,0,48.12,20.4559,0,30.06,2.01392
0,101.32,4.07654,-100,10094,8061.9,0,49.46,20.5194,0,4,1.953
0,76.2,4.03266,-100,10094,7981.66,0,48.72,20.26,0,37.4,2.02146
0,75.96,4.0454,-100,10094,7971.86,0,49.58,20.1552,0,37.22,2.02918
0,75.98,4.07482,-100,10094,7902.22,0,49.06,20.3701,0,37.32,2.0657
0,76.32,3.96232,-100,10094,8023.21,0,48.1,20.7125,0,37.48,2.02464
0,101.54,4.12468,-100,10094,7921.3,0,49.86,20.3488,0,30.06,2.01316
0,76.12,3.99612,-100,10094,8182.57,0,49.72,20.3466,0,6,1.962
0,76.5,4.07324,-100,10094,8011.89,0,35.72,19.67,0,30.08,2.01072
0,76.06,4.01208,-100,10094,7982.26,0,49.24,20.2765,0,12.84,1.9768
0,101.2,4.13548,-100,10094,8162.32,0,48.06,20.4086,0,37.42,2.0643
0,100.76,4.1803,-100,10094,7971.94,0,49.78,19.9206,0,37.82,2.06094
0,101.54,4.09306,-100,10094,8091.66,0,48.24,19.9443,0,13.68,1.98092
0,101.28,3.9974,-100,10094,8093.16,0,47.16,20.3372,0,4,1.962
0,27.68,3.91168,-100,10094,7911.97,0,47.86,19.8551,0,14.92,1.98038
0,101.06,4.04712,-100,10094,7921.95,0,49.14,20.2993,0,25.72,2.00914
0,16.72,3.87472,-100,10094,7750.44,0,47.76,20.0834,0,25.66,2.0099
0,21.88,3.91388,-100,10094,8042.34,0,49.22,20.7992,0,4,1.96184
0,76.38,4.03916,-100,10094,8052.48,0,48.34,20.5367,0,13.84,1.98084
0,27.62,3.91262,-100,10094,7900.17,0,49.88,19.8841,0,13.56,1.94556
0,101.3,4.13158,-100,10094,7802.05,0,48.12,19.9129,0,50.1,2.0402
0,101.74,4.13722,-100,10094,7801.06,0,49.7,19.6693,0,29.94,1.96594
0,76.9,4.02064,-100,10094,7850.18,0,49,19.4031,0,37.66,1.97336
0,8,3.914,-100,10094,8142.84,0,49.14,19.8694,0,19.82,1.97382
0,75.76,4.1071,-100,10094,8001.5,0,48.38,19.9025,0,4,1.956
0,101.42,4.05896,-100,10094,8072.16,0,47.96,19.8291,0,30.18,2.00988
0,101.88,4.01548,-100,10094,7810.57,0,47.84,19.7834,0,20.16,1.95016
0,101.02,4.30552,-100,10094,7801.19,0,49.08,19.8982,0,37.66,1.99866
0,61.58,3.95158,-100,10094,7952.08,0,49.86,20.4098,0,30.24,2.00704
0,24.6,3.96162,-100,10094,7942.11,0,49.88,19.6979,0,12.1,1.9561
0,62.02,4.03926,-100,10094,7870.54,0,47.86,19.8007,0,30.3,2.01202
0,76.12,4.10954,-100,10094,7940.68,0,48.72,19.694,0,25.74,1.99706
0,77.1,4.00256,-100,10094,7831.14,0,48.64,19.4289,0,37.7,2.0318
0,75.62,4.00514,-100,10094,7940.33,0,49.06,19.5376,0,4,1.94006
0,102.18,4.32766,-100,10094,7920.44,0,47.74,20.0403,0,37.62,1.99634
0,76.2,4.02226,-100,10094,7952.55,0,49.38,20.4281,0,37.62,2.04452
0,76.62,3.98158,-100,10094,7851.23,0,47.56,20.0037,0,37.54,2.01486
0,101.06,4.06652,-100,10094,8222.94,0,50.02,20.281,0,19.96,1.9934
0,76.4,3.98242,-100,10094,8012.37,0,48.92,19.7682,0,7.02,1.96102
0,101.68,4.16074,-100,10094,8032.23,0,47.72,20.0452,0,38,2.00594
0,76.02,4.02876,-100,10094,7650.59,0,48.42,19.6174,0,37.32,2.05804
0,27.94,3.9975,-100,10094,7861.06,0,48.92,19.905,0,13.72,1.9749
0,100.9,4.21614,-100,10094,7870.72,0,47.2,19.9305,0,37.42,2.0298
0,76.42,4.05862,-100,10094,7780.16,0,48.98,19.5325,0,25.74,1.9875
0,22.22,3.89622,-100,10094,8021.58,0,48.16,20.411,0,4,1.951
0,101.48,4.13196,-100,10094,7809.68,0,47.44,19.7294,0,4,1.92796
0,76.26,4.04748,-100,10094,7942.05,0,48.28,20.4693,0,30.2,1.9912
0,76.12,4.04122,-100,10094,7760.81,0,50.6,20.3573,0,37.26,2.0063
0,101.36,4.00736,-100,10094,7951.72,0,49.46,19.8911,0,4,1.97
0,6,3.914,-100,10094,8142.52,0,49.6,20.4025,0,4,1.957
0,76.2,4.00766,-100,10094,8001.91,0,49.16,20.4676,0,37.38,2.00968
0,101.28,4.07582,-100,10094,8283.82,0,47.88,20.8789,0,37.46,1.99946
0,61.86,4.00756,-100,10094,8021.87,0,48.26,20.3595,0,30.34,1.98598
0,50.52,4.04864,-100,10094,8213.42,0,48.28,20.9303,0,37.62,2.02366
0,76.28,3.97228,-100,10094,8031.29,0,47.68,20.5352,0,20.22,1.95822
0,75.96,4.00996,-100,10094,8002.53,0,48.72,20.7536,0,20.04,1.97004
0,101.36,4.13788,-100,10094,7860.61,0,47.76,20.2199,0,13.58,1.96362
0,102.06,4.09742,-100,10094,7900.08,0,47.66,20.1844,0,13.68,1.96232
0,76.4,4.02866,-100,10094,7832.11,0,49.02,20.3382,0,25.7,2.00232
0,76.72,4.05958,-100,10094,7921.81,0,47.78,20.706,0,37.76,2.0289
0,15.16,3.92916,-100,10094,7911.59,0,49.26,20.9157,0,25.66,1.97466
0,101.52,4.29776,-100,10094,7770.47,0,49.22,20.5311,0,37.66,2.08668
0,76.22,3.95248,-100,10094,7820.42,0,48.72,20.8877,0,37.28,1.98428
0,101.24,4.3288,-100,10094,7892.14,0,47.92,20.0366,0,37.5,2.17542
0,76.9,4.0582,-100,10094,7971.53,0,49.74,20.651,0,37.84,2.05078
0,101.88,4.20536,-100,10094,7870.34,0,48.14,20.6886,0,37.62,1.96362
0,75.88,3.94988,-100,10094,7901.19,0,48.18,20.4254,0,4,1.95786
0,75.84,4.1058,-100,10094,7800.73,0,48.56,20.1784,0,30.6,2.0153
0,77,3.97294,-100,10094,7982.01,0,48.08,20.4439,0,37.64,1.98664
0,102.3,4.1435,-100,10094,7931.34,0,49.34,20.1334,0,37.62,2.01268
0,102.1,4.23188,-100,10094,8021.67,0,47.96,20.3082,0,25.72,1.987
0,76.38,4.14992,-100,10094,8053.09,0,47.96,20.2373,0,37.44,2.05106
0,76.56,4.0326,-100,10094,7952.12,0,48.46,19.9829,0,37.56,2.04996
0,101.62,4.1694,-100,10094,7870.46,0,48.7,19.878,0,19.88,1.9727
0,35.18,3.93942,-100,10094,8072.05,0,48.04,20.8018,0,20.18,2.01208
0,61.94,4.01002,-100,10094,8202.97,0,48.14,20.7883,0,30.42,1.98642
0,21.96,3.93196,-100,10094,8163.28,0,49.94,21.1694,0,4,1.97
0,77.04,4.13258,-100,10094,8072.26,0,48.7,20.8469,0,37.74,2.0455
0,76.22,4.0689,-100,10094,7951.75,0,50.22,20.6672,0,37.34,2.00726
0,102.38,4.36104,-100,10094,8122.06,0,49.32,20.5239,0,37.56,1.99662
0,100.4,4.3403,-100,10094,7840.25,0,48.22,20.6552,0,37.76,1.99586
0,76.94,4.08608,-100,10094,7730,0,46.56,20.1193,0,37.66,1.96166
0,101.2,4.24634,-100,10094,7901.32,0,48.56,21.1159,0,37.64,2.01112
0,76.74,4.02468,-100,10094,7851.6,0,48.38,20.73,0,37.46,2.00336
0,8,3.876,-100,10094,8041.84,0,48.84,21.2263,0,26.18,2.00724
0,76.6,3.95482,-100,10094,8111.55,0,48.6,20.8018,0,37.64,2.01762
0,77.04,4.22554,-100,10094,7920.86,0,48.56,20.4055,0,37.82,2.11872
0,102,4.38016,-100,10094,8172.47,0,48.7,21.0386,0,37.82,2.11724
0,102.3,4.07858,-100,10094,8111.86,0,49.06,21.2981,0,18.16,1.96016
0,6,3.92,-100,10094,8092.69,0,49.52,21.283,0,25.98,1.98982
0,76.4,4.03198,-100,10094,7799.99,0,49.9,20.7123,0,37.52,1.96352
0,101.12,4.06876,-100,10094,7820.51,0,48.42,20.4084,0,4,1.928
0,76.5,3.96232,-100,10094,8001.39,0,48.94,21.0436,0,37.46,2.02422
0,76.8,4.13432,-100,10094,7962.06,0,48.92,20.7219,0,37.82,2.01144
0,8,3.898,-100,10094,8042.01,0,48.56,20.8688,0,4,1.964
0,27.94,3.95206,-100,10094,8061.98,0,48.52,20.923,0,25.78,1.99244
0,100.96,4.16966,-100,10094,8101.06,0,47.7,20.5132,0,37.58,2.00904
0,27.3,3.92236,-100,10094,8051.52,0,49.78,20.9275,0,13.36,1.95136
0,102.08,4.31314,-100,10094,8081.42,0,48.88,20.6514,0,37.78,2.03654
0,61.94,4.00294,-100,10094,7970.47,0,49.62,20.8494,0,30.18,1.9949
0,76.94,4.07728,-100,10094,7791.21,0,47.86,20.0974,0,37.72,2.05342
0,75.56,4.03498,-100,10094,7570.04,0,47.86,20.4949,0,25.98,1.98366
0,76.3,4.09238,-100,10094,7629.47,0,48.92,20.8559,0,25.92,1.97692
0,101.52,4.00638,-100,10094,7800.52,0,47.76,21.061,0,4,1.957
0,101.08,4.0655,-100,10094,8022.13,0,49.04,20.8942,0,19.96,2.00576
0,27.8,3.9308,-100,10094,7881.69,0,48.6,20.601,0,21.72,1.99458
0,27.84,3.92804,-100,10094,7819.9,0,48.84,20.8084,0,4,1.954
0,8,3.874,-100,10094,7960.75,0,48.72,20.4864,0,8.22,1.9492
0,61.76,3.90676,-100,10094,7890.6,0,48.34,20.5297,0,30.24,2.01756
0,101.54,4.08472,-100,10094,7941.32,0,48.94,20.2496,0,30.18,2.03796
0,21.72,3.92936,-100,10094,8132.81,0,49.08,20.9976,0,25.74,1.96874
0,101.9,4.0043,-100,10094,8070.99,0,49.58,20.8583,0,29.96,1.96622
0,75.84,4.07244,-100,10094,7982.49,0,49.48,20.6066,0,30.08,2.03486
0,75.44,4.02194,-100,10094,7901.65,0,48.36,20.309,0,30.08,1.96308
0,61.66,3.94766,-100,10094,8292.88,0,48.14,20.7809,0,30.14,1.96324
0,76.62,4.00958,-100,10094,8001.98,0,48.86,20.7118,0,25.86,1.97786
0,27.78,3.93886,-100,10094,7750.87,0,49.02,20.5988,0,19.94,1.96194
0,27.88,3.99582,-100,10094,8072.66,0,49.72,21.0154,0,12.3,1.9823
0,62.16,4.0408,-100,10094,7881.42,0,49.12,20.591,0,30.4,2.00572
0,101.38,4.01014,-100,10094,7811.18,0,48.82,20.0908,0,13.7,1.9667
0,77.06,4.06138,-100,10094,7910.65,0,47.86,19.5788,0,37.78,2.04538
0,75.78,3.97968,-100,10094,7780.25,0,48.42,19.8397,0,25.86,1.96484
0,76.3,4.0872,-100,10094,7851.35,0,48.22,20.0666,0,30.34,2.00354
0,75.68,4.06392,-100,10094,8091.71,0,49.54,20.5125,0,19.9,1.96654
0,76.2,4.00524,-100,10094,7952.54,0,48.84,20.6975,0,37.42,2.06218
0,75.98,3.96698,-100,10094,7730.71,0,48.28,20.7937,0,19.96,1.98196
0,51.44,4.00758,-100,10094,8052.46,0,49.7,20.4145,0,25.12,2.01418
0,62.04,3.96604,-100,10094,8152.97,0,48.34,21.0286,0,30.26,2.0041
0,102.08,4.08782,-100,10094,7860.9,0,48.26,20.3362,0,30.14,1.97214
0,76.98,4.26468,-100,10094,8243.35,0,48.56,20.5137,0,37.78,2.12908
0,101.96,4.16444,-100,10094,8012.13,0,48.62,19.4265,0,37.96,1.98996
0,76.6,4.03422,-100,10094,7921.95,0,47.94,19.301,0,37.54,2.07442
0,76.4,4.01612,-100,10094,8072.34,0,49.04,19.6873,0,19.98,1.95798
0,66.92,4.10866,-100,10094,8162.52,0,49.16,19.7549,0,30.3,2.0433
0,101.44,4.30812,-100,10094,8111.81,0,49.82,19.8556,0,37.58,2.01772
0,101.4,4.14148,-100,10094,7992.23,0,49.52,19.981,0,37.76,1.98878
0,76.46,3.97452,-100,10094,8072.51,0,49.24,20.2116,0,4,1.966
0,76.64,4.21754,-100,10094,7891.21,0,48.3,20.2632,0,37.6,2.04094
0,76.4,4.1957,-100,10094,7931.36,0,48.62,19.6626,0,37.38,2.07872
0,76.88,3.99386,-100,10094,7740.43,0,49.86,19.996,0,37.64,1.9946
0,27.42,3.94142,-100,10094,8082.79,0,48.56,20.1738,0,16.46,1.97394
0,76.82,4.1538,-100,10094,8092.3,0,49.76,20.5168,0,37.5,2.02378
0,6,3.906,-100,10094,8032.7,0,48.32,20.3226,0,19.94,1.97794
0,76.04,4.02444,-100,10094,7971.3,0,48.02,20.7432,0,4,1.94692
0,76.2,4.1785,-100,10094,8062.52,0,47.6,20.3248,0,37.38,2.06622
0,22.18,3.93318,-100,10094,7983,0,48.1,20.0356,0,4,1.956
0,76.2,4.00842,-100,10094,7830.01,0,48.2,19.9149,0,25.62,2.01426
0,27.96,3.95502,-100,10094,7830.81,0,47.58,19.1983,0,25.96,2.02102
0,27.94,3.88694,-100,10094,7830.72,0,47.98,19.6902,0,13.66,1.98966
0,14.2,3.9142,-100,10094,7871.06,0,48.36,20.196,0,26.08,1.97808
0,15.32,3.9144,-100,10094,7750.28,0,50,19.8198,0,29.62,2.03068
0,101.78,4.32262,-100,10094,7951.98,0,48.96,20.105,0,38.04,2.12354
0,101.6,4.03226,-100,10094,8042.13,0,49.54,20.4366,0,30.1,1.99612
0,100.98,4.01688,-100,10094,8132.11,0,49.1,20.3771,0,26,1.98516
0,101.22,4.00312,-100,10094,7851.2,0,48.8,19.5987,0,19.66,1.96366
0,27.94,3.94198,-100,10094,8000.94,0,48.56,19.8442,0,25.8,1.98828
0,101.96,4.06732,-100,10094,8062.44,0,48.52,20.126,0,30.06,1.99306
0,101.9,4.1072,-100,10094,8122.81,0,48.6,20.0911,0,37.5,2.0055
0,76.64,4.1184,-100,10094,8042.22,0,47.4,19.8109,0,37.54,2.02506
0,76.06,4.08838,-100,10094,7790.73,0,48.38,19.986,0,30.28,2.01434
0,101.64,4.18986,-100,10094,8031.47,0,49.74,20.0951,0,37.22,2.045
0,61.76,4.02176,-100,10094,8243.07,0,49.92,20.3633,0,30.3,2.05032
0,101.52,4.30914,-100,10094,8283.4,0,47.82,20.3583,0,37.64,2.09828
0,27.84,3.95012,-100,10094,8022.75,0,48.7,19.6668,0,4,1.966
0,76.56,4.21932,-100,10094,7921.31,0,49.22,19.8668,0,37.58,2.09348
0,101.44,4.27646,-100,10094,8143,0,49.26,19.8309,0,37.4,2.09792
0,101.54,4.19708,-100,10094,8081.95,0,49.6,19.4565,0,18.24,1.95524
0,100.96,4.18134,-100,10094,8073.32,0,49.74,19.6618,0,29.96,2.02856
0,8,3.894,-100,10094,8132.71,0,49.8,20.1765,0,6,1.956
0,76.72,4.06848,-100,10094,8042.1,0,48.1,20.167,0,30.32,2.0006
0,101.64,4.06968,-100,10094,8031.2,0,48.46,19.4539,0,25.12,1.98312
0,51.1,3.93434,-100,10094,8000.81,0,47.5,19.1893,0,25.94,1.99426
0,28.24,3.99188,-100,10094,7860.2,0,48,19.4536,0,26.02,2.03298
0,27.74,3.94172,-100,10094,7941.36,0,48.04,19.6647,0,8.14,1.94904
0,76.24,4.00584,-100,10094,8162.85,0,49.68,19.8286,0,37.34,2.03166
0,101.44,4.17564,-100,10094,8233.25,0,49.64,19.2192,0,4,1.947
0,101.06,4.23252,-100,10094,7880.79,0,48.88,18.9472,0,30.4,1.9784
0,76.52,4.08746,-100,10094,7901.56,0,48.44,19.1957,0,37.64,2.06652
0,61.62,3.99932,-100,10094,8011.41,0,48,18.9766,0,30.3,2.00234
0,76.82,4.04646,-100,10094,7971.7,0,48.04,19.1568,0,37.82,2.0532
0,75.84,4.04262,-100,10094,8031.98,0,48.16,19.1663,0,30.18,1.9858
0,27.74,3.96838,-100,10094,8133.66,0,48.68,20.1432,0,19.96,1.9995
0,76.92,4.10432,-100,10094,7941.53,0,48.26,20.1629,0,37.76,2.06042
0,76.5,4.08404,-100,10094,7891.15,0,50.08,19.9034,0,37.56,2.05464
0,75.94,4.1017,-100,10094,7820.37,0,48.56,19.5377,0,30.34,2.00272
0,61.86,4.07912,-100,10094,8243.4,0,48.06,20.335,0,30.18,2.01934
0,76.18,4.04438,-100,10094,8072.62,0,50.04,20.7272,0,4,1.947
0,28.1,3.98598,-100,10094,7911.62,0,48.48,20.144,0,20,2.0033
0,100.8,4.07378,-100,10094,8122.53,0,49.54,20.1452,0,50.34,2.0538
0,76.76,4.1377,-100,10094,7840.52,0,49.64,20.359,0,37.62,2.03558
0,51.14,3.95162,-100,10094,7790.26,0,50.24,20.1156,0,13.54,1.95854
0,102.22,4.05684,-100,10094,7800.89,0,50,20.1775,0,4,1.949
0,76.08,3.94008,-100,10094,7699.46,0,49.68,19.9812,0,19.94,1.94494
0,76,3.9481,-100,10094,7739.69,0,49.96,20.2457,0,26.02,1.9789
0,36.68,3.91468,-100,10094,8012.52,0,48.42,20.4936,0,25.74,2.03192
0,61.38,4.00826,-100,10094,8063.17,0,47.74,20.6617,0,30.18,2.05008
0,101.56,4.43628,-100,10094,7769.55,0,49.7,20.1765,0,37.36,2.04754
0,77.1,4.11648,-100,10094,7801.33,0,48.04,20.4635,0,37.82,2.05712
0,76.36,3.9771,-100,10094,7961.35,0,48.64,20.5442,0,13,1.955
0,27.68,3.9363,-100,10094,7900.25,0,50.1,20.7061,0,13.62,1.9577
0,75.98,4.04826,-100,10094,7921.48,0,49.58,20.4665,0,16.22,1.98272
0,75.62,4.08522,-100,10094,8113,0,48.22,20.7381,0,30.1,1.9991
0,75.86,3.94786,-100,10094,7779.82,0,49.52,20.5885,0,4,1.925
0,101.2,4.1227,-100,10094,8093.12,0,48.9,20.4897,0,19.86,1.9889
0,22.28,3.94114,-100,10094,8010.97,0,47.9,20.7331,0,4,1.936
0,76.84,4.17452,-100,10094,8021.6,0,49.32,20.5292,0,37.68,2.04118
0,75.48,4.08224,-100,10094,7881.04,0,47.86,20.1428,0,30.22,2.01464
0,101.16,4.11216,-100,10094,8033.29,0,47.98,20.827,0,30.24,1.99324
0,61.54,4.05794,-100,10094,7851.37,0,48.5,20.2601,0,30.1,2.01944
0,76.52,4.12024,-100,10094,7951.94,0,49.68,20.3413,0,37.5,2.04152
0,76.16,3.98866,-100,10094,7971.58,0,48.48,20.0196,0,37.36,1.97936
0,75.88,4.06056,-100,10094,7942.75,0,47.82,20.0714,0,37.38,2.03468
0,27.74,3.97126,-100,10094,8032.39,0,48.04,20.2512,0,19.44,2.00828
0,101.62,4.17292,-100,10094,7892.47,0,48.38,20.2388,0,14.82,1.97682
0,101.74,3.96774,-100,10094,7630.31,0,48.62,20.2577,0,23.84,1.97184
0,75.84,3.92584,-100,10094,7439.11,0,47.76,19.6936,0,5,1.945
0,13.48,3.85348,-100,10094,7811.68,0,48.86,20.0354,0,5,1.9515
0,101.16,4.01886,-100,10094,7700.5,0,49.1,19.4471,0,20.16,1.96516
0,61.38,3.91048,-100,10094,7680.79,0,47.64,19.4339,0,30.18,2.00566
0,101.34,4.12002,-100,10094,7781.46,0,49.42,19.8859,0,37.56,2.07892
0,101.64,4.36556,-100,10094,8011.76,0,48.52,19.9054,0,37.9,2.08542
0,77.08,4.18164,-100,10094,8283.35,0,48.74,19.8091,0,37.82,2.03912
0,22,3.937,-100,10094,8060.85,0,48.68,19.5852,0,5,1.93696
0,61.74,4.00986,-100,10094,7871.61,0,49.9,19.8481,0,30.34,1.99718
0,61.66,4.05592,-100,10094,7941.61,0,48.42,19.3926,0,30.22,2.01528
0,62.04,3.96696,-100,10094,8071.85,0,47.8,19.6225,0,30.44,2.01436
0,101.52,4.10374,-100,10094,8042.69,0,49.1,19.5743,0,4,1.957
0,61.38,3.95774,-100,10094,7920.99,0,48.94,19.7523,0,30.1,1.98376
0,76.84,4.07242,-100,10094,7972.05,0,48.4,19.5481,0,37.58,1.9926
0,61.88,4.04782,-100,10094,8072.42,0,47.66,19.9403,0,38.38,2.03244
0,102.02,4.36236,-100,10094,7849.56,0,48.4,19.0793,0,13.78,1.93278
0,76.12,4.05164,-100,10094,7922.09,0,48.62,19.4796,0,30.34,1.98534
0,76.94,3.98094,-100,10094,8122.53,0,49.74,19.2097,0,37.68,1.99568
0,76.4,4.03026,-100,10094,7951.61,0,47.9,19.2758,0,30.36,1.96536
0,76.6,3.9776,-100,10094,7961.73,0,47.74,19.2898,0,37.56,1.99256
0,101.36,4.18664,-100,10094,7982.13,0,49.78,19.6756,0,37.72,2.0611
0,100.82,4.01988,-100,10094,7911.42,0,49.96,19.3038,0,26,2.02484
0,61.74,3.98622,-100,10094,8032.04,0,48.42,18.7659,0,30.2,2.0476
0,76.2,3.9722,-100,10094,8132.85,0,49.14,19.1835,0,37.34,1.99934
0,22.02,3.90002,-100,10094,7991.89,0,49.08,19.3893,0,22.56,1.96768
0,61.56,4.0057,-100,10094,7912.52,0,49.66,19.4048,0,30.26,2.03736
0,62.18,3.99672,-100,10094,7981.17,0,50.04,19.2974,0,30.52,1.98026
0,76.36,4.15168,-100,10094,8071.15,0,47.98,19.1134,0,37.26,2.03658
0,100.78,4.20044,-100,10094,7859.5,0,47.66,18.8072,0,13.74,1.94874
0,101.66,4.1777,-100,10094,7941.45,0,47.7,18.7841,0,37.52,2.01862
0,76.38,4.07576,-100,10094,7669.36,0,48.1,18.9395,0,37.38,2.05874
0,102.3,4.0838,-100,10094,7861.58,0,47.94,19.0196,0,30.42,2.01464
0,61.52,3.94822,-100,10094,7840.8,0,49.74,18.9684,0,30,2.00588
0,102.2,4.1114,-100,10094,7609.25,0,50.18,18.3361,0,13.5,1.967
0,76.5,4.01386,-100,10094,7891.68,0,49.72,19.3153,0,13.72,1.98116
0,100.54,4.13278,-100,10094,7760.42,0,48.5,18.4315,0,13.9,1.9589
0,76.86,4.06194,-100,10094,8021.84,0,48.78,19.083,0,37.7,2.0215
0,76.5,4.13164,-100,10094,7741.11,0,49.04,18.4597,0,37.4,2.05198
0,100.64,3.96064,-100,10094,7860.45,0,50.04,18.4789,0,25.74,1.98594
0,100.98,4.08436,-100,10094,7771.49,0,50.26,18.2314,0,25.4,2.0394
0,6,3.867,-100,10094,7791.2,0,50.58,18.3807,0,26.82,2.0182
0,76,4.02848,-100,10094,7680.74,0,49.68,18.2236,0,37.2,2.06092
0,75.5,3.97428,-100,10094,7961.11,0,48.72,18.3413,0,13.72,1.95772
0,75.62,4.00122,-100,10094,8051.54,0,49.08,17.9615,0,25.68,1.98424
0,77.02,4.15772,-100,10094,7961.83,0,47.78,18.2052,0,37.84,2.0033
0,101.8,4.14954,-100,10094,7911.6,0,47.78,18.2437,0,30.3,2.04076
0,27.8,3.93664,-100,10094,7619.68,0,47.88,17.4158,0,13.68,1.95426
0,61.68,3.94768,-100,10094,7951.79,0,49.84,17.3804,0,30.22,1.98708
0,76.58,4.06708,-100,10094,8012.45,0,48.66,17.1155,0,37.62,2.03598
0,101.82,4.25442,-100,10094,8163.06,0,49.96,16.8305,0,37.22,2.03622
0,101.02,4.05378,-100,10094,8162.38,0,47.62,16.7837,0,37.66,1.97666
0,101.2,4.20268,-100,10094,8081.59,0,48.72,16.7599,0,37.12,2.04352
0,76.12,4.17782,-100,10094,7760.65,0,49.54,15.6209,0,30.36,2.0209
0,76.44,4.04894,-100,10094,7931.65,0,47.9,16.3031,0,30.28,2.00666
0,102.04,4.12328,-100,10094,8012.91,0,49.22,16.8395,0,30.26,2.0087
0,31.16,3.94016,-100,10094,8082.36,0,47.62,16.7252,0,30.34,2.0061
0,101.26,4.04484,-100,10094,8052.05,0,48.32,16.8607,0,37.66,2.01938
0,76.28,4.05908,-100,10094,7811.06,0,48.24,16.6375,0,37.32,2.00476
0,27.98,3.96378,-100,10094,7981.21,0,47.56,16.5549,0,4,1.946
0,76.64,3.98426,-100,10094,7761.23,0,49.76,16.9648,0,37.6,1.99478
0,27.98,3.91798,-100,10094,7751.3,0,49.5,16.5318,0,25.7,2.00538
0,101.7,4.14936,-100,10094,7629.36,0,47.32,16.6621,0,37.9,1.99856
0,6,3.88102,-100,10094,7680.18,0,49.38,16.5353,0,19.98,1.96
0,101.06,4.10026,-100,10094,7730.1,0,48.22,16.2832,0,37.86,2.01826
0,101.56,4.15434,-100,10094,7720.16,0,49.34,17.3336,0,37.66,1.99574
0,76.72,4.19338,-100,10094,7659.32,0,49.1,16.8158,0,37.66,1.96066
0,101.14,4.07328,-100,10094,7811.34,0,49.78,16.9197,0,37.28,1.98328
0,76.94,4.0625,-100,10094,7669.55,0,48.24,17.3552,0,37.66,2.03832
0,75.28,4.20764,-100,10094,7720.68,0,47.88,17.5018,0,38.08,2.07996
0,61.78,3.97676,-100,10094,7709.7,0,46.32,17.0993,0,30.28,1.9945
0,101.58,4.0897,-100,10094,7851.39,0,47.92,17.5665,0,4,1.955
0,101.66,4.07276,-100,10094,8092.14,0,47.56,18.0961,0,4,1.943
0,101.16,4.0069,-100,10094,7902.39,0,47.72,18.5728,0,25.62,2.01584
0,101.46,4.11678,-100,10094,7981.97,0,49,18.663,0,30.1,2.0141
0,102.1,4.24068,-100,10094,7982.79,0,49.06,17.7627,0,37.5,2.0535
0,75.92,4.02834,-100,10094,7940.34,0,48.48,17.9143,0,30.18,2.00704
0,102.06,4.383,-100,10094,8051.65,0,48.3,18.06,0,37.36,2.09288
0,76.08,3.99328,-100,10094,7831.13,0,48.28,17.5296,0,37.2,2.03504
0,101.18,3.99918,-100,10094,7811.3,0,49.02,17.0118,0,25.7,1.99568
0,27.86,3.91894,-100,10094,7760.23,0,49.32,17.1163,0,4,1.94608
0,22.06,3.92186,-100,10094,8010.6,0,49.1,17.3137,0,4,1.94108
0,102.04,4.22072,-100,10094,7952.19,0,50.1,17.7447,0,37.68,2.02482
0,76.48,4.08296,-100,10094,8161.91,0,48.82,18.1237,0,37.44,2.03542
0,100.5,4.0684,-100,10094,8082.44,0,49,18.2489,0,30.2,2.00414
0,61.34,3.98418,-100,10094,8062.47,0,48.72,17.6958,0,30.1,1.98478
0,101.16,4.36896,-100,10094,8192.36,0,48.3,18.1832,0,30.22,2.06258
0,61.52,3.99138,-100,10094,8092.82,0,49.04,18.266,0,30.18,1.98718
0,102.44,4.00044,-100,10094,7992.11,0,49.08,18.0748,0,4,1.944
0,51.74,3.92774,-100,10094,7982.05,0,50.14,18.6193,0,25.96,1.99532
0,76.08,4.11396,-100,10094,7688.46,0,49.86,17.6862,0,60.26,2.02542
0,76.5,4.24914,-100,10094,7790.53,0,49.3,17.9799,0,37.5,2.0262
0,76.88,4.23802,-100,10094,8021.89,0,47.04,18.4536,0,37.78,2.02154
0,76.8,4.02128,-100,10094,7983.27,0,49.22,18.0497,0,37.6,2.05446
0,76.48,3.9964,-100,10094,8002.91,0,48.52,18.1489,0,37.4,2.0164
0,102.06,4.25338,-100,10094,7860.61,0,49.1,18.2183,0,50.56,2.00372
0,101.84,4.15382,-100,10094,7952.54,0,48.98,18.1788,0,25.7,2.00724
0,76.36,4.05434,-100,10094,7830.54,0,49.46,18.1441,0,37.26,2.01216
0,27.96,3.92796,-100,10094,8002.05,0,48.48,17.7076,0,25.82,2.02656
0,28.08,3.90308,-100,10094,8051.17,0,49.64,18.2055,0,19.98,1.98768
0,101.64,4.0321,-100,10094,8092.44,0,50.74,18.0722,0,25.86,1.97486
0,61.56,4.04302,-100,10094,7941.61,0,48.78,18.2155,0,30.26,2.05412
0,101.38,4.20588,-100,10094,7819.93,0,48.2,18.2378,0,37.54,2.02892
0,101.78,4.1827,-100,10094,8001.91,0,49.74,18.5502,0,37.54,2.03546
0,27.66,3.95366,-100,10094,7890.63,0,50.02,18.7324,0,25.62,1.97362
0,75.86,4.0197,-100,10094,7962.18,0,48.28,19.3317,0,25.46,1.98238
0,8,3.91,-100,10094,8112.05,0,48.66,19.6951,0,25.84,1.97384
0,75.98,4.01418,-100,10094,8002.48,0,49.06,19.3876,0,4,1.957
0,61.46,3.97546,-100,10094,7921.32,0,48.64,19.4657,0,30.06,1.99418
0,101.14,4.11716,-100,10094,7902.01,0,49.84,19.1931,0,37.5,2.06054
0,6,3.886,-100,10094,7962.7,0,49.12,19.6697,0,25.76,1.99078
0,75.56,4.01102,-100,10094,8012.62,0,48.58,19.3665,0,20,1.97
0,6,3.87906,-100,10094,8102.58,0,48.48,19.2842,0,20.04,1.97004
0,22.12,3.92612,-100,10094,8384.36,0,47.8,19.6297,0,4,1.978
0,101.84,4.11612,-100,10094,8010.67,0,47.76,19.0943,0,23.78,1.98684
0,101.06,4.22352,-100,10094,7931.96,0,47.22,18.7762,0,30.48,2.06916
0,75.96,4.03678,-100,10094,8203.42,0,48.18,19.1478,0,30.26,2.00926
0,6,3.91418,-100,10094,8224.01,0,48.2,19.0281,0,4,1.97018
0,101.48,4.13738,-100,10094,8172.82,0,48.92,18.6442,0,4,1.95902
0,76.58,4.03736,-100,10094,8142.45,0,47.56,18.3808,0,4,1.965
0,21.98,3.91782,-100,10094,7961.43,0,49.08,18.3004,0,4,1.94908
0,76.08,3.9782,-100,10094,7961.08,0,49.46,18.5138,0,13.74,1.96574
0,101.54,4.11076,-100,10094,7950.96,0,50.68,18.629,0,13.64,1.94164
0,75.86,3.98574,-100,10094,7920.92,0,47.94,18.3707,0,4,1.942
0,76.04,4.058,-100,10094,7851.43,0,47.8,18.7902,0,30.2,2.00486
0,102.14,4.31522,-100,10094,7781.05,0,47.62,18.4007,0,30.18,2.00974
0,101.26,4.2827,-100,10094,7911.82,0,48.58,19.1312,0,37.56,2.09946
0,101.7,4.23834,-100,10094,7810.72,0,47.82,18.7728,0,37.44,1.97728
0,76.52,3.98622,-100,10094,7850.54,0,49.08,19.0024,0,37.6,1.98916
0,76.28,4.04046,-100,10094,7881.19,0,49.14,19.4875,0,37.42,2.02378
0,76.62,4.28936,-100,10094,7641.44,0,48,18.6419,0,37.52,2.1268
0,75.42,3.99226,-100,10094,7962.03,0,48.24,19.4025,0,37.86,2.01284
0,76.42,3.95934,-100,10094,7900.75,0,49.1,19.3804,0,37.56,1.98216
0,101.06,4.00292,-100,10094,7962.07,0,46.98,18.9259,0,4,1.966
0,101.52,4.08332,-100,10094,7880.61,0,49.44,18.8239,0,4,1.939
0,76.14,4.08686,-100,10094,7590.1,0,47.88,18.3905,0,37.98,2.12856
0,101.6,4.14946,-100,10094,7940.57,0,47.68,19.3168,0,25.76,2.00372
0,101.28,4.13076,-100,10094,7921.52,0,49.22,19.4501,0,37.44,2.0282
0,101.56,4.21678,-100,10094,8001.71,0,49.96,19.8505,0,37.62,2.04606
0,28.02,3.92202,-100,10094,8092.27,0,69.82,19.7458,0,13.68,1.96568
0,76.3,4.13396,-100,10094,8273.25,0,48.38,19.8678,0,30.32,1.99232
0,100.24,4.05202,-100,10094,7871.05,0,49.82,20.1006,0,4,1.949
0,75.66,4.06046,-100,10094,8082.32,0,49.38,20.4593,0,30.3,1.99582
0,76.12,4.40534,-100,10094,7892.04,0,48.98,19.9381,0,30.34,2.1124
0,101.98,4.14686,-100,10094,7761.7,0,49.14,19.5778,0,30.28,1.98428
0,101.82,4.1362,-100,10094,7881.84,0,48.88,19.7695,0,13.68,1.96868
0,62.04,3.9717,-100,10094,7881.68,0,48.7,19.5842,0,30.36,1.98136
0,76.94,4.06062,-100,10094,7750.7,0,48.74,19.0354,0,37.5,2.06122
0,61.56,4.05058,-100,10094,7871.7,0,48.88,18.703,0,30.2,2.09294
0,101.16,4.11352,-100,10094,7791.23,0,48.16,18.756,0,37.4,2.09186
0,77.18,3.9594,-100,10094,7802.09,0,47.9,18.364,0,37.84,2.01386
0,21.88,3.88042,-100,10094,7759.9,0,49.14,17.6075,0,20.02,1.9945
0,76.02,4.00852,-100,10094,7801.1,0,48.04,18.2655,0,30.2,1.99602
0,76.42,4.01356,-100,10094,8022.28,0,49.42,18.3263,0,25.62,2.05084
0,101.34,4.15246,-100,10094,7943.34,0,49.4,18.3185,0,37.32,2.04468
0,76.5,4.04058,-100,10094,7901.85,0,49.88,18.3513,0,37.26,1.99226
0,76.48,4.08698,-100,10094,7961.4,0,49.72,18.4602,0,37.56,2.04164
0,28.06,3.95612,-100,10094,7860.91,0,49.32,18.1864,0,25.82,2.02138
0,76.94,3.98176,-100,10094,7881.18,0,47.82,18.6027,0,37.7,1.99734
0,76.5,4.07714,-100,10094,7910.69,0,49.48,18.7782,0,37.52,2.00598
0,76.44,4.1117,-100,10094,7971.45,0,49.82,19.0132,0,37.46,2.01094
0,61.36,4.00342,-100,10094,8041.74,0,50,18.7379,0,50.28,2.03646
0,101.92,4.19884,-100,10094,7800.79,0,49.84,18.6874,0,50.32,2.05806
0,101.7,4.26992,-100,10094,7951.3,0,47.74,19.1502,0,37.48,2.03594
0,76.04,4.06536,-100,10094,7791.48,0,49.82,19.1154,0,37.34,2.02148
0,76.82,3.97462,-100,10094,7740.29,0,49.66,19.4646,0,37.64,2.0091
0,101.94,3.99194,-100,10094,7911.17,0,48.48,19.9529,0,25.72,1.97176
0,76.28,4.0942,-100,10094,7901.97,0,47.96,19.6747,0,37.4,2.03096
0,76.74,4.13106,-100,10094,7850.05,0,49.94,19.5386,0,37.52,2.0501
0,8,3.90906,-100,10094,8222.86,0,49.54,19.5324,0,27.06,1.99112
0,102.7,4.35544,-100,10094,7900.31,0,49.32,19.5637,0,37.56,2.07408
0,22.14,3.92114,-100,10094,8011.65,0,47.84,19.1368,0,4,1.934
0,76.1,4.0531,-100,10094,7981.94,0,48.38,19.4226,0,30.32,1.99132
0,51.64,3.9797,-100,10094,7831.2,0,48.1,18.9068,0,25.14,2.01868
0,61.24,3.9927,-100,10094,7861.54,0,49.44,19.0045,0,29.98,2.00514
0,100.92,4.28946,-100,10094,7861.43,0,49.04,19.1227,0,37.6,2.0886
0,102,4.1346,-100,10094,7891.38,0,48.96,19.2014,0,37.58,2.00998
0,8,3.846,-100,10094,7972.21,0,48.36,19.4512,0,4,1.962
0,101.4,4.03572,-100,10094,8021.48,0,50.22,18.865,0,37.48,1.96948
0,76.7,4.1256,-100,10094,7912.15,0,50.46,19.4062,0,37.68,2.03984
0,76.7,4.1248,-100,10094,7811.95,0,50.4,19.0245,0,37.62,2.02848
0,27.9,3.9956,-100,10094,8062.12,0,48.12,18.8389,0,13.7,1.9507
0,100.52,4.26452,-100,10094,7799.51,0,71.32,18.964,0,37.68,2.05124
0,61.72,3.96588,-100,10094,7619.4,0,48.92,18.1067,0,30.22,1.9975
0,6,3.882,-100,10094,7840.26,0,48.98,18.0645,0,19.88,1.95288
0,27.64,3.94964,-100,10094,8062.53,0,49.74,18.5708,0,20.02,1.9916
0,62.18,4.0045,-100,10094,7771.3,0,49.24,18.5545,0,30.34,2.03448
0,75.9,4.01018,-100,10094,7931.98,0,47.62,18.177,0,25.9,2.02866
0,101.48,4.19446,-100,10094,8111.94,0,48.18,18.1662,0,37.52,2.05572
0,76.4,4.0017,-100,10094,7800.69,0,48.3,17.6377,0,37.64,1.99684
0,101.48,4.2033,-100,10094,7690.51,0,48.08,17.9664,0,37.9,2.03086
0,76.48,4.14614,-100,10094,7961.72,0,47.96,17.8984,0,50.44,2.0752
0,76.08,4.04856,-100,10094,8122.5,0,48.2,17.5101,0,30.12,2.00016
0,76.9,4.09436,-100,10094,8183.17,0,48.44,17.3352,0,37.68,2.00866
0,101.18,4.10674,-100,10094,8142.24,0,47,17.6748,0,13.74,1.96574
0,76.68,3.99766,-100,10094,7920.69,0,35.74,17.152,0,4,1.93306
0,77.02,3.9649,-100,10094,7990.67,0,47.94,17.76,0,37.8,1.98192
0,100.84,4.19716,-100,10094,8070.88,0,48.54,17.2337,0,50.98,2.01926
0,76.72,4.17698,-100,10094,7801.77,0,48.22,16.9064,0,37.52,2.0289
0,100.46,4.31444,-100,10094,7870.97,0,48.96,16.5817,0,37.76,2.06964
0,76.94,4.22372,-100,10094,8082.37,0,48.8,16.4535,0,37.7,2.10044
0,76.94,4.26748,-100,10094,8032.13,0,48,16.5342,0,37.8,2.12198
0,77.12,4.06126,-100,10094,7981.69,0,48.82,16.6836,0,37.92,2.01384
0,76.32,4.20456,-100,10094,7991.69,0,35.4,15.9493,0,37.5,2.02226
0,61.4,4.00716,-100,10094,7820.3,0,48.2,16.2616,0,30.1,1.98486
0,76.4,4.06572,-100,10094,7891.43,0,48.38,16.1316,0,37.56,2.0187
0,76.78,4.2427,-100,10094,7921.6,0,50.32,16.2623,0,37.62,2.0775
0,76.96,4.1778,-100,10094,8153.19,0,48.28,15.9356,0,37.86,2.06692
0,101.22,4.34134,-100,10094,8162.87,0,48.04,15.7865,0,50.26,2.05126
0,76.12,4.00676,-100,10094,8011.81,0,48.7,15.3989,0,4,1.934
0,28.08,3.92808,-100,10094,8153.02,0,49.02,15.6199,0,20.04,1.98476
0,76.74,4.21334,-100,10094,7781.94,0,48.7,14.9266,0,37.76,2.1019
0,75.64,4.02528,-100,10094,8092.89,0,48.72,15.6489,0,19.96,1.98196
0,101.36,4.17038,-100,10094,7971.5,0,49.76,15.3566,0,37.48,1.98748
0,8,3.8728,-100,10094,7821.11,0,48.34,15.424,0,25.82,1.96862
0,28.02,3.92102,-100,10094,7750.04,0,48.5,16.0375,0,20.08,1.97486
0,31.16,3.95926,-100,10094,7760.95,0,49.54,15.4181,0,30.38,2.03596
0,76.16,4.0244,-100,10094,7770.6,0,49.1,15.8631,0,20.24,2.01094
0,76.92,4.18456,-100,10094,7720.07,0,47.58,16.2157,0,37.74,2.00384
0,75.88,4.1057,-100,10094,7809.74,0,48.14,16.6022,0,30.18,1.96918
0,76.52,4.109,-100,10094,7891.39,0,49.5,16.178,0,4,1.955
0,28.02,3.94902,-100,10094,7970.8,0,47.74,16.8154,0,13.76,1.94486
0,101.68,4.15654,-100,10094,8001.65,0,48.1,17.0554,0,19.98,1.98446
0,76.48,4.0714,-100,10094,7941.04,0,48.44,16.7224,0,29.9,1.9799
0,76.42,4.07302,-100,10094,7791.17,0,48.42,17.1754,0,37.36,2.03584
0,101.04,4.10344,-100,10094,7820.73,0,48.46,16.9975,0,25.38,2.03098
0,77.16,4.28948,-100,10094,7910.73,0,47.24,16.8424,0,37.82,2.08494
0,101.64,4.12362,-100,10094,8192.98,0,49.54,17.8939,0,37.72,1.98372
0,75.86,4.09698,-100,10094,8112.17,0,48.48,17.2919,0,37.08,2.01428
0,77.02,4.27332,-100,10094,7941.03,0,48.64,17.5202,0,37.88,2.08554
0,76.88,4.04268,-100,10094,8001.74,0,49.8,17.4927,0,37.62,2.04402
0,101.9,4.0379,-100,10094,8142.26,0,48.76,17.6552,0,37.34,1.99234
0,8,3.9201,-100,10094,7902.52,0,49.48,17.8277,0,25.6,1.99954
0,101.52,3.97252,-100,10094,8112.15,0,49.42,17.9505,0,25.9,1.9619
0,75.92,4.05514,-100,10094,8444.55,0,47.98,17.8697,0,13.76,1.97376
0,76.44,3.97444,-100,10094,8292.51,0,48.34,17.6061,0,19.92,1.95692
0,100.88,4.02088,-100,10094,8132.42,0,48.16,17.5884,0,19.86,1.96494
0,76.44,4.0722,-100,10094,8042.87,0,49.22,17.8027,0,37.42,1.98342
0,27.92,3.9918,-100,10094,7931.54,0,47.4,16.8381,0,27.88,1.9738
0,77,3.9866,-100,10094,7841.16,0,49.44,17.113,0,37.64,1.97864
0,101.1,4.14068,-100,10094,7860.75,0,49.24,16.99,0,27.56,1.99468
0,101.48,4.10786,-100,10094,7890.41,0,49.4,16.8821,0,37.64,2.00294
0,101.8,4.35524,-100,10094,8103.11,0,49.96,16.23,0,37.5,2.1058
0,101.56,4.01314,-100,10094,7972.15,0,49.58,16.5747,0,30.16,1.99208
0,75.82,3.96982,-100,10094,7961.18,0,49.84,16.5043,0,4,1.946
0,76.22,4.0009,-100,10094,8193.58,0,47.88,16.5248,0,13.6,1.9926
0,101.3,4.01342,-100,10094,8092.52,0,48.02,16.2692,0,25.74,1.9778
0,102.46,4.01246,-100,10094,7850.81,0,49.12,15.0855,0,4,1.952
0,28,3.909,-100,10094,7901.47,0,47.74,15.1615,0,13.76,1.93688
0,28.18,3.94198,-100,10094,8072.25,0,48.76,15.1932,0,13.68,1.96768
0,101.04,4.32558,-100,10094,8112.03,0,49.56,15.2074,0,30.3,2.06624
0,76.46,4.09834,-100,10094,8013.24,0,49.34,15.5016,0,37.46,2.03356
0,100.88,4.0248,-100,10094,8041.23,0,48.42,15.0979,0,24.1,1.9591
0,75.94,4.07462,-100,10094,7801.51,0,49.94,15.0973,0,25.6,2.04878
0,61.98,3.99708,-100,10094,7982.88,0,49.72,14.4899,0,30.54,2.01868
0,100.96,4.21644,-100,10094,8192.67,0,50.06,14.2783,0,30.24,2.05064
0,101.34,4.26276,-100,10094,7950.79,0,49.84,15.0942,0,37.48,2.00022
0,8,3.91,-100,10094,8122.8,0,49.56,15.5443,0,19.84,1.99084
0,22.08,3.92008,-100,10094,8213.27,0,47.9,15.4378,0,26.12,1.97412
0,75.84,4.0275,-100,10094,8052.54,0,49.12,14.5105,0,25.62,1.98762
0,28.06,3.95364,-100,10094,7912.02,0,47.34,14.8635,0,25.68,2.00916
0,76.26,4.02328,-100,10094,7901.64,0,47.94,15.1845,0,25.8,1.97554
0,24.76,3.9541,-100,10094,8042.44,0,47.24,15.7996,0,4,1.93852
0,76.3,3.9953,-100,10094,7809.51,0,48.12,15.3752,0,4,1.932
0,51.58,3.96268,-100,10094,7820.35,0,47.04,15.0001,0,50.94,2.01532
0,101.28,4.04864,-100,10094,8000.95,0,49.68,15.8833,0,19.92,1.95592
0,76.64,4.00596,-100,10094,7781.15,0,49.08,15.8765,0,37.68,2.00142
0,76.66,4.12304,-100,10094,7911.44,0,49.92,16.5885,0,37.62,2.0566
0,76.5,4.04862,-100,10094,7800.71,0,48.98,15.9413,0,37.56,2.05166
0,76.08,3.9471,-100,10094,7840.32,0,49.28,15.8335,0,37.16,2.05148
0,27.72,3.95972,-100,10094,8002.19,0,49.1,16.3528,0,19.96,2.02534
0,101.94,4.23638,-100,10094,8091.95,0,48.24,16.7318,0,37.86,2.05656
0,76.78,4.12442,-100,10094,7850.69,0,48.54,16.3178,0,37.56,2.14872
0,8,3.878,-100,10094,7810.01,0,49.16,17.0169,0,19.98,1.95698
0,21.94,3.93996,-100,10094,7992.13,0,48.74,16.4148,0,19.9,1.98658
0,75.88,3.98002,-100,10094,8041.98,0,46.96,16.9072,0,25.84,1.96384
0,22,3.89,-100,10094,7921.31,0,50.02,17.206,0,4,1.943
0,101.02,4.05644,-100,10094,7651.34,0,49.94,17.1165,0,21.08,2.01322
0,8,3.897,-100,10094,7952.07,0,49.56,17.5729,0,19.98,1.98498
0,75.88,3.98764,-100,10094,7821.06,0,49.96,17.8118,0,25.36,1.98318
0,27.82,3.87382,-100,10094,7719.78,0,48.44,17.9569,0,4,1.95
0,101.76,4.14064,-100,10094,7760.38,0,47.78,17.2882,0,30.06,2.02636
0,61.8,4.03338,-100,10094,7841.44,0,48.52,17.6241,0,30.26,2.02994
0,101.72,4.25134,-100,10094,7810.05,0,48.06,17.5687,0,30.22,2.02084
0,101.54,4.15162,-100,10094,7851.65,0,48.04,17.6321,0,25.36,2.04334
0,100.68,4.25604,-100,10094,7840.5,0,49.86,17.9464,0,37.62,2.11812
0,76.98,4.09764,-100,10094,7932.81,0,48.76,17.8252,0,37.76,2.11242
0,61.34,3.94088,-100,10094,7820.72,0,48.56,17.8139,0,30.14,1.98342
0,100.96,4.17418,-100,10094,7729.75,0,50,17.2552,0,37.62,2.00382
0,100.56,4.113,-100,10094,7860.83,0,48.58,17.4244,0,37.62,2.01142
0,50.84,3.98644,-100,10094,7771.13,0,49.44,18.0767,0,50.86,2.0228
0,27.9,3.92562,-100,10094,7962.26,0,50.04,18.2128,0,13.78,1.97838
0,75.56,3.9961,-100,10094,8041.63,0,49.3,18.0093,0,7.46,1.97146
0,76.12,4.01554,-100,10094,7972.52,0,49.5,17.9446,0,37.34,2.05312
0,62.24,3.92424,-100,10094,7961.09,0,48.96,18.3541,0,30.34,1.97134
0,8,3.87112,-100,10094,7619.41,0,49.9,17.9648,0,4,1.93412
0,91.6,4.138,-100,10094,7589.31,0,50.04,17.9932,0,59.92,2.05792
0,101.68,4.26268,-100,10094,7689.31,0,49.04,18.2549,0,37.26,2.00162
0,101.72,4.21524,-100,10094,7911.78,0,47.16,18.5442,0,37.6,2.09272
0,101.5,4.09682,-100,10094,7990.96,0,48.48,18.1053,0,4,1.947
0,101.62,4.25772,-100,10094,7841.22,0,50.12,17.6802,0,30.08,2.00072
0,102.2,4.06822,-100,10094,7790.28,0,49.98,18.3292,0,37.26,1.98826
0,76.68,4.06602,-100,10094,7761.03,0,49.08,17.9787,0,37.74,1.98084
0,76.36,4.04536,-100,10094,7900.42,0,49.52,17.5814,0,30.14,1.97214
0,76.08,4.00814,-100,10094,7881.19,0,49.18,17.4805,0,25.66,1.97044
0,61.66,3.92966,-100,10094,7991.45,0,49.26,18.4427,0,30.12,2.01082
0,62,4.01778,-100,10094,7961.64,0,47.86,17.9841,0,30.48,2.03072
0,76.22,4.0591,-100,10094,8314.69,0,49.82,17.8795,0,30.44,2.03284
0,61.62,4.00212,-100,10094,7901.31,0,49.94,17.9863,0,30.24,2.01284
0,76,3.94388,-100,10094,7929.8,0,49.36,17.839,0,4,1.94294
0,101.24,4.1794,-100,10094,7861.16,0,49.88,17.6032,0,30.2,1.9862
0,76.44,4.04238,-100,10094,7819.89,0,27.2,17.2633,0,4,1.948
0,101.3,4.03896,-100,10094,7921.01,0,48.4,17.6712,0,30.2,1.9802
0,76.12,4.02604,-100,10094,8031.96,0,47.52,17.8071,0,37.42,2.0267
0,76.22,4.03688,-100,10094,7870.99,0,49.8,17.9993,0,19.96,1.96556
0,100.66,4.08168,-100,10094,7770.8,0,49.62,17.65,0,11.88,1.95588
0,76.86,4.04758,-100,10094,8122.63,0,47.66,18.5662,0,37.78,2.02076
0,76.5,3.98274,-100,10094,8152.21,0,48.76,18.404,0,37.6,1.99048
0,29.5,3.9125,-100,10094,7962.73,0,49.46,18.2645,0,14.52,1.95952
0,76.38,4.046,-100,10094,7871.01,0,48.02,18.2891,0,37.4,2.0631
0,8,3.878,-100,10094,8031.53,0,48.52,18.3372,0,26,1.975
0,101.7,4.08176,-100,10094,8161.71,0,48.52,18.2887,0,25.52,1.95652
0,76.68,4.2241,-100,10094,8101.63,0,46.4,18.1711,0,37.6,2.10282
0,101.4,4.41064,-100,10094,7851.41,0,49.98,18.0425,0,51.2,2.11206
0,77.04,4.35176,-100,10094,7630.27,0,48.8,17.9595,0,50.22,2.1553
0,8,3.9,-100,10094,7780.73,0,47.8,17.9614,0,20.14,1.96714
0,102.06,4.19312,-100,10094,7920.81,0,49.76,18.3242,0,25.46,1.97604
0,28.08,3.9241,-100,10094,7931.41,0,48.38,18.4999,0,25.18,1.98918
0,76.84,3.99984,-100,10094,7982.15,0,48.28,19.0497,0,37.6,2.02468
0,75.98,4.04392,-100,10094,8021.5,0,48.52,19.0397,0,4,1.955
0,76.98,4.1374,-100,10094,8052.39,0,49.7,19.3931,0,39.18,2.14034
0,101.26,4.08696,-100,10094,8112.29,0,47.8,18.9953,0,13.76,1.97294
0,76.76,3.98476,-100,10094,8203.28,0,48.74,19.5925,0,37.62,2.01562
0,77,4.13968,-100,10094,7779.91,0,47.72,18.8984,0,37.76,2.0746
0,28.08,3.93414,-100,10094,8112.17,0,49.6,18.9746,0,13.74,1.96746
0,101.84,4.0314,-100,10094,8273.58,0,49.84,19.2004,0,13.62,1.97692
0,76.5,4.07126,-100,10094,7730.59,0,47.74,19.3699,0,37.48,1.99638
0,8,3.886,-100,10094,7872.35,0,47.96,19.1303,0,26.06,1.98606
0,101.04,4.05638,-100,10094,7860.31,0,48.72,18.5902,0,37.9,2.04068
0,21.78,3.92482,-100,10094,8021.82,0,48.58,18.7588,0,25.94,1.98394
0,75.82,4.15104,-100,10094,8142.83,0,47.64,18.7825,0,30.4,2.08952
0,28.04,3.95488,-100,10094,8061.9,0,48.44,19.1368,0,5,1.94306
0,101.34,4.0803,-100,10094,8042.11,0,48.92,19.3904,0,16.46,1.96254
0,101.22,4.26358,-100,10094,7991.53,0,49.1,18.592,0,37.58,2.01792
0,8,3.91316,-100,10094,8011.68,0,47.92,19.1351,0,4,1.94516
0,76.48,3.98254,-100,10094,7891.47,0,48.44,19.3519,0,37.48,1.98848
0,61.78,3.99562,-100,10094,8012.09,0,49.08,19.6806,0,30.32,2.03804
0,75.3,4.01526,-100,10094,7871.47,0,47.88,19.1182,0,6,1.952
0,76.48,4.22918,-100,10094,8152.94,0,47.86,19.1941,0,30.32,2.04986
0,101.82,4.27952,-100,10094,7730.09,0,47.98,18.9677,0,30.1,2.03748
0,76.36,4.0342,-100,10094,8062.86,0,48.46,19.2537,0,37.5,2.0926
0,101.04,4.02482,-100,10094,7861.05,0,48.24,18.9842,0,25.66,2.00642
0,21.84,3.91184,-100,10094,7791.62,0,48.9,18.776,0,25.74,2.00578
0,101.4,4.23262,-100,10094,7770.81,0,49.62,19.0632,0,20,1.99392
0,61.46,4.04256,-100,10094,7760.55,0,49.2,19.204,0,30.24,1.9949
0,101.38,4.2005,-100,10094,7861.88,0,48.66,19.6079,0,6,1.96
0,100.68,4.112,-100,10094,8081.11,0,48.08,19.1967,0,30.16,1.98996
0,76.24,4.0107,-100,10094,7970.92,0,47.82,18.864,0,4,1.934
0,76.56,4.05786,-100,10094,8012.28,0,48.08,18.6173,0,37.48,2.02268
0,77.12,4.10116,-100,10094,7871.8,0,48.48,18.5759,0,37.72,2.04756
0,76.96,4.08832,-100,10094,7942.44,0,47.94,18.511,0,37.82,2.05932
0,75.78,4.11218,-100,10094,8102.54,0,47.84,18.1569,0,30.7,2.04424
0,76.62,4.06428,-100,10094,8091.9,0,49.46,18.2539,0,37.56,1.9875
0,101.72,3.99844,-100,10094,7941.17,0,48.9,17.8757,0,13.7,1.9607
0,76.08,4.01568,-100,10094,8092.52,0,71.12,17.8618,0,13.76,1.9783
0,101.12,4.01112,-100,10094,8011.64,0,49.58,17.0988,0,20.08,1.94408
0,76.04,3.98804,-100,10094,7962.27,0,47.64,16.9175,0,4,1.973
0,101.24,3.99792,-100,10094,8011.33,0,71.2,16.9846,0,60.28,2.01234
0,27.7,3.9337,-100,10094,8112.42,0,71.52,16.8006,0,4,1.967
0,101.8,3.9951,-100,10094,8021.84,0,71.86,16.7991,0,4,1.96
0,22.1,3.96298,-100,10094,8252.92,0,47.88,16.9563,0,4,1.945
0,101.48,4.09508,-100,10094,7991.82,0,48.12,17.3884,0,37.38,1.98738
0,27.88,3.93406,-100,10094,8011.54,0,48.9,17.7678,0,13.66,1.95576
0,22.84,3.94686,-100,10094,7871.67,0,48.04,17.1802,0,20.18,1.99018
0,101.36,4.01324,-100,10094,7860.88,0,48.58,17.1524,0,19.92,1.95992
0,61.96,4.0019,-100,10094,7790.76,0,48.34,17.3903,0,37.8,2.0413
0,101,4.1199,-100,10094,7890.56,0,48.74,17.2375,0,30.32,2.03284
0,76.66,4.13426,-100,10094,7891.37,0,49.94,17.0006,0,38,2.0571
0,76.48,4.00022,-100,10094,8102.72,0,49,17.3113,0,30.28,2.01126
0,27.58,3.96362,-100,10094,7971.43,0,36.64,16.7788,0,13.54,1.9784
0,102.06,4.11708,-100,10094,8051.36,0,47.2,17.1796,0,30.32,2.00166
0,101.62,4.14134,-100,10094,8063.08,0,49.5,17.3331,0,30.34,2.04846
0,6,3.915,-100,10094,8163.06,0,47.78,17.9104,0,4,1.963
0,76.58,4.00238,-100,10094,8062.17,0,49.66,17.3565,0,37.5,1.9835
0,76.76,4.1027,-100,10094,7860.76,0,49.76,16.8728,0,37.66,2.01804
0,76.44,4.02814,-100,10094,8082.3,0,48.6,17.0033,0,25.78,2.01454
0,8,3.902,-100,10094,7882.77,0,48.16,16.4443,0,4,1.976
0,27.88,3.87788,-100,10094,7760.09,0,49.58,16.6561,0,28.34,1.98686
0,75.9,3.9749,-100,10094,8163.02,0,49.26,16.9264,0,22.02,1.98998
0,76.12,3.92912,-100,10094,8052.47,0,49.42,16.8234,0,37.4,2.03038
0,101.44,3.9963,-100,10094,8021.98,0,49.78,16.5622,0,4,1.951
0,101.26,4.24006,-100,10094,7750.05,0,49.58,16.3737,0,37.54,1.97054
0,27.82,3.92256,-100,10094,7800.51,0,49.68,16.2471,0,26.12,1.9758
0,101.88,4.16756,-100,10094,8122.92,0,47.78,16.1853,0,37.68,2.01288
0,101.54,4.14364,-100,10094,8102.11,0,49.64,15.9367,0,37.58,2.01386
0,101.08,4.1692,-100,10094,8102.64,0,49.5,16.1306,0,30.24,1.97444
0,61.46,3.97452,-100,10094,8233.23,0,49.72,16.3709,0,30.16,1.96722
0,76.4,4.1193,-100,10094,8092.23,0,49.62,16.0741,0,37.6,2.04398
0,75.9,4.02838,-100,10094,8052.27,0,49.72,16.7015,0,30.06,2.00804
0,76.34,4.00958,-100,10094,8072.67,0,49.02,16.8202,0,26.18,1.99218
0,76.62,4.0478,-100,10094,7951.41,0,48.22,16.4616,0,37.6,2.01132
0,61.26,3.94726,-100,10094,7740.74,0,48.64,16.6295,0,29.82,1.98582
0,102.04,4.04866,-100,10094,7841.28,0,47.52,16.0785,0,30.08,2.00508
0,76.28,3.93328,-100,10094,7910.07,0,47.84,16.9912,0,25.8,1.9498
0,100.96,4.03694,-100,10094,7921.22,0,48.42,17.0947,0,30.34,1.98134
0,76.3,3.99896,-100,10094,7650.14,0,48.38,16.6201,0,37.48,2.00878
0,76.5,4.05378,-100,10094,7800.76,0,48.4,16.5496,0,37.56,2.01666
0,61.66,3.9871,-100,10094,7931.01,0,49.32,16.6277,0,30.04,2.0176
0,61.7,3.93254,-100,10094,7760.79,0,47.96,16.0092,0,30.24,2.00558
0,28,3.92896,-100,10094,7901.56,0,47.44,16.1386,0,19.96,1.98576
0,100.8,4.21362,-100,10094,8112.41,0,49.58,16.6393,0,26.04,1.98764
0,61.3,4.00694,-100,10094,8374.01,0,48.86,17.3742,0,30.18,2.04796
0,76.1,4.00968,-100,10094,8223.54,0,49.22,17.9077,0,37.28,2.09526
0,19.98,3.93302,-100,10094,8032.84,0,48.22,17.1805,0,25.96,2.01492
0,76.66,4.08262,-100,10094,7851.55,0,48.26,17.3189,0,30.06,2.0193
0,27.9,3.9697,-100,10094,7831.56,0,49.66,17.1407,0,20.06,1.99632
0,61.6,3.9596,-100,10094,7860.68,0,48.32,17.3402,0,30.22,1.99288
0,27.76,3.94158,-100,10094,7861.8,0,49.04,17.4327,0,4,1.95
0,76.44,4.08636,-100,10094,7871.41,0,49.1,17.4109,0,37.56,2.02298
0,101.64,4.02648,-100,10094,7700.48,0,48.8,16.5769,0,4,1.955
0,101.8,4.17112,-100,10094,7739.79,0,48.66,17.2313,0,25.68,1.94368
0,102.1,3.99388,-100,10094,7901.12,0,48.08,17.2564,0,25.9,1.98294
0,76.98,4.09434,-100,10094,8012.32,0,49.08,17.5162,0,37.72,2.05962
0,8,3.884,-100,10094,8213.07,0,48.44,17.8186,0,4,1.957
0,76.52,4.00338,-100,10094,8031.31,0,49.74,17.0576,0,37.36,1.97236
0,61.98,4.08736,-100,10094,8162.54,0,49.86,16.9172,0,30.42,2.0556
0,8,3.92812,-100,10094,8102.54,0,47.82,17.0677,0,26.04,1.9991
0,101.32,4.29468,-100,10094,8181.8,0,48.92,16.7145,0,13.7,1.9657
0,8,3.92,-100,10094,8132.35,0,49.12,16.7062,0,20.12,1.98626
0,76.14,3.97614,-100,10094,8151.82,0,48.44,15.8311,0,4,1.93702
0,76.38,3.96044,-100,10094,7971.78,0,49.76,15.5487,0,37.42,1.99942
0,38.76,3.9642,-100,10094,8001.95,0,47.98,15.3469,0,38.34,1.99534
0,76.58,4.19062,-100,10094,7981.1,0,48.22,15.2814,0,37.46,1.96646
0,101.94,4.14292,-100,10094,8203.1,0,48.06,15.4575,0,19.86,1.98086
0,75.56,3.98058,-100,10094,8211.01,0,48.74,15.3352,0,20.08,1.96208
0,28.04,3.94018,-100,10094,8132.13,0,49.36,15.506,0,13.7,1.96474
0,76.32,4.10012,-100,10094,7850.68,0,46.26,15.3555,0,37.48,2.02084
0,101.46,4.03232,-100,10094,7971.55,0,47.8,15.4088,0,21.56,1.9772
0,24.4,3.9074,-100,10094,8083.8,0,47.88,15.2067,0,11.84,1.98684
0,28.04,3.94844,-100,10094,7810.69,0,47.64,14.5418,0,13.8,1.97908
0,101.68,4.04528,-100,10094,7709.74,0,49.78,13.9755,0,20.18,1.99118
0,28.02,3.92212,-100,10094,7569.12,0,49.64,14.1237,0,20.1,2.00066
0,61.58,3.93758,-100,10094,7750.46,0,48.18,15.3221,0,30.04,1.96812
0,76.26,3.92226,-100,10094,7780.63,0,48.1,14.8389,0,37.22,1.97922
0,76.82,4.01616,-100,10094,7619.53,0,47.3,14.4153,0,37.72,1.99494
0,76.74,4.02278,-100,10094,7791.3,0,49.46,14.0185,0,37.28,2.00212
0,101.36,4.08434,-100,10094,8194.23,0,49.36,14.3446,0,37.8,2.02966
0,27.6,3.9056,-100,10094,7941.94,0,47.64,13.9101,0,13.62,1.96662
0,100.6,4.11706,-100,10094,8112.75,0,48.94,14.5279,0,25.28,1.97328
0,76.6,4.00126,-100,10094,7660.49,0,46.42,14.9468,0,25.66,1.98872
0,101.46,4.01708,-100,10094,7872.03,0,49.56,15.0594,0,20.1,1.9661
0,77.16,3.92516,-100,10094,7820.95,0,49.44,15.1154,0,37.9,2.00378
