Minimum Sense Count,Maximum Sense Count,Mean Sense Count,Minimum Fitness,Maximum Fitness,Mean Fitness,Minimum Function Calls,Maximum Function Calls,Mean Function Calls,Minimum Function Forks,Maximum Function Forks,Mean Function Forks,Minimum Function Calls & Forks,Maximum Function Calls & Forks,Mean Funciton Calls & Forks,Minimum Guess0 Count,Maximum Guess0 Count,Mean Guess0 Count,Minimum Guess1 Count,Maximum Guess1 Count,Mean Guess1 Count
0,20.34,0.49372,-100,52,-53.424,0,8072,165.534,0,0,0,0,8072,165.534,0,15.92,0.45906,0,41.34,0.66206
0,18.32,0.57546,-100,53,-27.304,0,8073,163.717,0,0,0,0,8073,163.717,0,63.8,0.82054,0,41,1.08916
0,81.32,0.80784,-100,50,7.415,0,8117,147.809,0,0,0,0,8117,147.809,0,54.32,1.1292,0,40.68,1.55688
0,36.82,0.78764,-100,53,30.276,0,8038,160.456,0,0,0,0,8038,160.456,0,53.5,1.35668,0,32.78,1.79692
0,20.52,0.82698,-100,53,41.384,0,7160,92.749,0,0,0,0,7160,92.749,0,49.42,1.5253,0,39.36,2.00022
0,18.24,0.735,-100,56,40.056,0,7847,126.584,0,0,0,0,7847,126.584,0,54.62,1.5276,0,53.82,1.65924
0,20.36,0.83632,-100,57,44.158,0,7069,121.466,0,0,0,0,7069,121.466,0,54.64,1.63748,0,53.52,1.98408
0,18.16,0.82712,-100,57,43.085,0,8069,93.207,0,0,0,0,8069,93.207,0,54.2,1.49388,0,54.12,2.2343
0,36.48,0.79906,-100,52,45.658,0,3841,74.707,0,0,0,0,3841,74.707,0,27.68,1.4258,0,53.74,2.30332
0,23.2,0.87812,-100,62,42.584,0,7849,94.732,0,0,0,0,7849,94.732,0,27.6,1.35558,0,53.38,2.11296
0,18.32,0.86952,-100,56,43.502,0,7880,97.471,0,0,0,0,7880,97.471,0,27.76,1.45526,0,53.84,2.0599
0,18.2,0.92668,-100,56,43.869,0,8062,113.639,0,0,0,0,8062,113.639,0,27.78,1.50316,0,53.6,1.98672
0,81.06,1.00982,-100,58,44.625,0,8006,133.603,0,0,0,0,8006,133.603,0,32.56,1.40956,0,40.32,1.91624
0,31.86,1.1176,-100,56,44.33,0,6951,100.562,0,0,0,0,6951,100.562,0,32.72,1.57538,0,40.1,1.83922
0,81.74,1.19524,-100,57,44.33,0,8059,110.068,0,0,0,0,8059,110.068,0,33.16,1.62516,0,40,1.7908
0,31.14,1.02672,-100,59,43.983,0,8080,92.265,0,0,0,0,8080,92.265,0,33.22,1.44638,0,31.78,1.83776
0,32.8,1.04522,-100,58,44.514,0,7992,87.56,0,0,0,0,7992,87.56,0,53.58,1.42818,0,24,1.79844
0,32.92,1.01012,-100,54,44.965,0,7002,70.986,0,0,0,0,7002,70.986,0,53.78,1.663,0,17.68,1.61832
0,20.22,1.06626,-100,64,43.683,0,7191,83.062,0,0,0,0,7191,83.062,0,45.54,1.52176,0,22.8,1.69194
0,18,1.17018,-100,65,44.685,0,8072,108.192,0,0,0,0,8072,108.192,0,26.84,1.52754,0,33.02,1.65254
0,28.94,1.31024,-100,67,45.316,0,7254,139.241,0,0,0,0,7254,139.241,0,26.86,1.59144,0,33.12,1.57012
0,29.06,1.58274,-100,59,45.318,0,7203,178.184,0,0,0,0,7203,178.184,0,26.86,1.73932,0,32.2,1.61886
0,28.96,1.78614,-100,64,44.194,0,7363,166.646,0,0,0,0,7363,166.646,0,32.08,1.78462,0,39.98,1.67048
0,28.74,2.08456,-100,71,45.957,0,7269,167.355,0,0,0,0,7269,167.355,0,26.84,1.92912,0,39.76,1.73062
0,28.72,2.19672,-100,66,43.872,0,7125,181.917,0,0,0,0,7125,181.917,0,26.7,1.92156,0,40.28,1.84118
0,31.84,2.29664,-100,67,43.247,0,7350,197.641,0,0,0,0,7350,197.641,0,30.48,2.06274,0,40.34,1.92522
0,18.14,2.22244,-100,65,44.29,0,7121,196.373,0,0,0,0,7121,196.373,0,26.84,2.13864,0,40.36,1.84938
0,32.64,2.37992,-100,61,43.96,0,6143,217.6,0,0,0,0,6143,217.6,0,26.64,2.27084,0,40.06,1.9644
0,43.88,2.48168,-100,59,43.337,0,8029,256.048,0,0,0,0,8029,256.048,0,26.56,2.42378,0,40.26,1.87766
0,43.92,2.39358,-100,59,45.546,0,7329,298,0,0,0,0,7329,298,0,17.24,2.51338,0,40.08,1.79142
0,19.16,2.30782,-100,61,44.839,0,8039,298.649,0,0,0,0,8039,298.649,0,21.16,2.44388,0,23.86,1.5425
0,23.86,2.36484,-100,65,41.024,0,8068,278.102,0,0,0,0,8068,278.102,0,21.98,2.61742,0,16.96,1.4094
0,36.46,2.41344,-100,59,44.258,0,8062,287.435,0,0,0,0,8062,287.435,0,21.18,2.68558,0,12.88,1.43548
0,20.78,2.40012,-100,58,45.709,0,6376,271.342,0,0,0,0,6376,271.342,0,42.96,2.72164,0,15.08,1.56144
0,24.5,2.39452,-100,65,44.901,0,7434,311.212,0,0,0,0,7434,311.212,0,42.74,2.70722,0,14.78,1.51818
0,24.62,2.46978,-100,64,43.987,0,7302,344.679,0,0,0,0,7302,344.679,0,45.56,2.72644,0,39.54,1.6035
0,28.2,2.36044,-100,64,46.008,0,6317,289.67,0,0,0,0,6317,289.67,0,43.42,2.7003,0,34.7,1.64244
0,41.42,2.42746,-100,66,47.075,0,6551,275.076,0,0,0,0,6551,275.076,0,43.68,2.74924,0,39.16,1.78048
0,59.32,2.51204,-100,66,44.302,0,7044,319.949,0,0,0,0,7044,319.949,0,49.64,2.69784,0,45.56,1.71858
0,40.32,2.47526,-100,66,45.975,0,6409,269.541,0,0,0,0,6409,269.541,0,44.06,2.74552,0,43.56,1.6914
0,42.62,2.55698,-100,65,45.842,0,6412,280.75,0,0,0,0,6412,280.75,0,44.66,2.63272,0,18.52,1.73258
0,12.88,2.4213,-100,63,47.163,0,6871,262.623,0,0,0,0,6871,262.623,0,43.22,2.6211,0,13.16,1.69804
0,38.9,2.585,-100,63,47.31,0,6257,284.017,0,0,0,0,6257,284.017,0,42.04,2.54,0,13.04,1.68904
0,37.66,2.65716,-100,95,46.9,0,6294,261.241,0,0,0,0,6294,261.241,0,44.3,2.61532,0,8,1.62742
0,39.32,2.56724,-100,65,47.045,0,4980,225.9,0,0,0,0,4980,225.9,0,33.52,2.38994,0,19.62,1.69012
0,39.08,2.8012,-100,65,48.119,0,6017,224.399,0,0,0,0,6017,224.399,0,42.88,2.46442,0,19.52,1.71092
0,39.98,2.88118,-100,75,47.926,0,6073,234.099,0,0,0,0,6073,234.099,0,49.8,2.5188,0,15.36,1.74056
0,36.58,3.17882,-100,64,47.608,0,5997,218.265,0,0,0,0,5997,218.265,0,18.04,2.45866,0,16.08,1.7218
0,32.5,3.17716,-100,68,48.129,0,6312,209.12,0,0,0,0,6312,209.12,0,54.92,2.51116,0,13.12,1.62482
0,50.18,3.31966,-100,68,45.675,0,5728,208.909,0,0,0,0,5728,208.909,0,59.9,2.54952,0,16.82,1.57456
0,36.3,3.43816,-100,71,47.364,0,7069,235.54,0,0,0,0,7069,235.54,0,54.84,2.43508,0,18.78,1.58766
0,32.32,3.38572,-100,67,47.995,0,6346,214.999,0,0,0,0,6346,214.999,0,20.86,2.36088,0,17.38,1.66404
0,20.34,3.43256,-100,67,48.599,0,6280,218.839,0,0,0,0,6280,218.839,0,36.42,2.39676,0,16.24,1.71396
0,41,3.50168,-100,74,50.714,0,6284,208.825,0,0,0,0,6284,208.825,0,36.38,2.45002,0,24.68,1.62314
0,26.06,3.55914,-100,69,47.866,0,6281,214.402,0,0,0,0,6281,214.402,0,36.06,2.40602,0,24.02,1.62252
0,26.08,3.46706,-100,74,46.191,0,8056,211.408,0,0,0,0,8056,211.408,0,17.78,2.24334,0,24.1,1.55814
0,36.7,3.50826,-100,75,49.216,0,7009,208.265,0,0,0,0,7009,208.265,0,60.74,2.41962,0,12.16,1.51362
0,38.08,3.6088,-100,66,47.715,0,3157,205.123,0,0,0,0,3157,205.123,0,61.92,2.39048,0,16.28,1.5455
0,24.6,3.72406,-100,72,50.116,0,3206,197.449,0,0,0,0,3206,197.449,0,61.98,2.44882,0,11.36,1.53764
0,24.18,3.76786,-100,68,45.804,0,3325,195.784,0,0,0,0,3325,195.784,0,17.98,2.395,0,8.26,1.56264
0,63.26,3.90616,-100,68,48.552,0,3212,201.663,0,0,0,0,3212,201.663,0,24.28,2.39622,0,18.7,1.65266
0,36.66,3.76864,-100,66,48.194,0,6491,210.189,0,0,0,0,6491,210.189,0,20.2,2.39464,0,13.24,1.65448
0,53.66,3.79208,-100,69,47.85,0,8055,243.986,0,0,0,0,8055,243.986,0,20.24,2.39628,0,11.42,1.62634
0,53.58,3.86252,-100,74,51.46,0,6638,249.512,0,0,0,0,6638,249.512,0,31.78,2.51974,0,8.22,1.57526
0,23.76,3.61556,-100,65,48.42,0,6657,242.05,0,0,0,0,6657,242.05,0,27.16,2.54472,0,11.06,1.64324
0,28.08,3.55344,-100,71,48.085,0,8072,250.682,0,0,0,0,8072,250.682,0,18.82,2.58244,0,27.52,1.63082
0,18.98,3.56516,-100,66,49.835,0,7767,204.919,0,0,0,0,7767,204.919,0,22.02,2.55458,0,26.68,1.63694
0,27.7,3.4257,-100,66,48.849,0,6414,205.911,0,0,0,0,6414,205.911,0,20.78,2.52512,0,29.58,1.62814
0,67.82,3.63332,-100,69,49.628,0,8099,225.018,0,0,0,0,8099,225.018,0,16.32,2.51244,0,28.94,1.71754
0,53.34,3.63106,-100,66,51.301,0,6539,234.946,0,0,0,0,6539,234.946,0,40.16,2.56816,0,17.14,1.67984
0,34.48,3.60852,-100,71,50.52,0,6867,235.343,0,0,0,0,6867,235.343,0,26.48,2.6396,0,17.14,1.76156
0,18.84,3.35314,-100,71,49.469,0,6836,220.569,0,0,0,0,6836,220.569,0,24.38,2.5654,0,38.4,1.8267
0,38.42,3.43962,-100,72,50.175,0,6862,231.026,0,0,0,0,6862,231.026,0,15.8,2.5221,0,17.6,1.79284
0,37.92,3.42712,-100,76,49.962,0,8068,247.245,0,0,0,0,8068,247.245,0,46.02,2.63686,0,17.6,1.90844
0,36.06,3.42154,-100,72,49.556,0,6858,241.56,0,0,0,0,6858,241.56,0,45.58,2.72926,0,24.36,1.8894
0,23.34,3.35068,-100,71,50.403,0,6846,275.933,0,0,0,0,6846,275.933,0,22.7,2.65708,0,14.92,1.91538
0,23.26,3.4955,-100,65,50.449,0,8043,270.432,0,0,0,0,8043,270.432,0,20.82,2.71302,0,15.82,1.98656
0,33.86,3.75546,-100,70,51.88,0,8008,251.647,0,0,0,0,8008,251.647,0,19.9,2.83926,0,15.66,1.81746
0,32.7,3.723,-100,70,51.162,0,7057,236.597,0,0,0,0,7057,236.597,0,40.24,2.80666,0,74,1.9615
0,34.42,3.71224,-100,75,50.745,0,6798,202.642,0,0,0,0,6798,202.642,0,23.26,2.8105,0,22.98,1.90004
0,43.52,3.7072,-100,68,49.494,0,6767,218.5,0,0,0,0,6767,218.5,0,25.72,2.87312,0,16.06,1.9628
0,81,3.66006,-100,67,49.996,0,7180,246.338,0,0,0,0,7180,246.338,0,22.98,2.84796,0,19.46,1.995
0,63.76,3.67442,-100,74,52.694,0,7109,257.065,0,0,0,0,7109,257.065,0,25.2,2.79058,0,15.94,1.95942
0,43.78,3.55956,-100,72,52.298,0,7085,244.789,0,0,0,0,7085,244.789,0,20.18,2.81498,0,16.04,1.94496
0,59.38,3.92886,-100,76,51.277,0,7657,267.813,0,0,0,0,7657,267.813,0,53.72,2.7838,0,27.36,1.94446
0,36.42,3.81814,-100,78,52.833,0,6775,213.099,0,0,0,0,6775,213.099,0,54.12,2.81498,0,27.28,2.04516
0,46.38,3.85262,-100,73,51.799,0,7047,210.867,0,0,0,0,7047,210.867,0,19.84,2.73784,0,32.56,2.01292
0,40.72,3.7408,-100,70,52.675,0,5054,198.08,0,0,0,0,5054,198.08,0,19.98,2.76982,0,23.56,2.04106
0,37.96,3.68312,-100,68,48.873,0,7452,201.258,0,0,0,0,7452,201.258,0,26.72,2.74414,0,24.92,1.9697
0,40.62,3.8743,-100,75,52.395,0,6986,202.516,0,0,0,0,6986,202.516,0,21.64,2.78702,0,24.8,2.00556
0,36.32,3.6086,-100,72,50.648,0,6973,184.943,0,0,0,0,6973,184.943,0,24.06,2.87214,0,23.66,2.07672
0,39.44,3.54128,-100,72,53.174,0,7097,179.655,0,0,0,0,7097,179.655,0,22.14,2.98662,0,20.52,1.9608
0,39.92,3.5546,-100,73,52.961,0,8022,164.204,0,0,0,0,8022,164.204,0,16.14,2.84112,0,16.42,1.95798
0,41.1,3.4176,-100,76,49.484,0,6865,181.896,0,0,0,0,6865,181.896,0,25.2,2.79392,0,22.82,2.12572
0,41.84,3.62076,-100,69,47.989,0,6839,174.258,0,0,0,0,6839,174.258,0,35.42,2.97038,0,25.28,2.1831
0,40.86,3.46842,-100,71,50.941,0,6982,172.05,0,0,0,0,6982,172.05,0,64.9,3.06666,0,54.14,2.1054
0,41.88,3.47824,-100,70,51.229,0,3365,169.819,0,0,0,0,3365,169.819,0,22.84,2.98302,0,22.96,2.15932
0,34.62,3.47298,-100,72,50.99,0,6051,175.131,0,0,0,0,6051,175.131,0,25.62,3.07334,0,19.32,2.26958
0,32.48,3.57976,-100,70,51.982,0,5947,174.565,0,0,0,0,5947,174.565,0,32.94,3.04382,0,22.26,2.44656
0,29.24,3.6438,-100,71,52.873,0,4009,185.379,0,0,0,0,4009,185.379,0,59.94,3.1166,0,27.94,2.48328
0,24.94,3.52784,-100,71,50.856,0,7988,182.188,0,0,0,0,7988,182.188,0,19.16,3.05234,0,18.12,2.47416
0,20.9,3.47026,-100,71,49.746,0,5844,169.277,0,0,0,0,5844,169.277,0,31.24,3.09858,0,50.44,2.58256
0,33.56,3.53334,-100,74,52.163,0,3267,166.367,0,0,0,0,3267,166.367,0,28.58,2.98866,0,53.76,2.51056
0,33.06,3.65962,-100,69,51.49,0,2642,171.446,0,0,0,0,2642,171.446,0,28.64,3.02614,0,54.04,2.6251
0,27.82,3.62496,-100,71,50.778,0,2631,161.265,0,0,0,0,2631,161.265,0,37.62,2.96832,0,17.96,2.56808
0,40.66,3.85508,-100,75,53.345,0,1818,159.338,0,0,0,0,1818,159.338,0,42.92,3.05092,0,17.86,2.48412
0,35.42,3.7871,-100,79,48.76,0,6044,158.17,0,0,0,0,6044,158.17,0,21.86,3.02502,0,16.94,2.55496
0,23.94,3.58808,-100,73,52.997,0,5352,159.041,0,0,0,0,5352,159.041,0,35.34,2.98384,0,22.48,2.46988
0,25.42,3.56848,-100,67,50.685,0,5437,160.7,0,0,0,0,5437,160.7,0,22.12,2.99078,0,41.02,2.6028
0,27.5,3.63978,-100,71,52.071,0,5383,169.447,0,0,0,0,5383,169.447,0,25.56,3.0629,0,40.72,2.64814
0,27.58,3.64052,-100,70,53.248,0,8016,172.094,0,0,0,0,8016,172.094,0,23.82,3.11902,0,19.92,2.59292
0,24.7,3.68622,-100,76,51.484,0,7880,158.575,0,0,0,0,7880,158.575,0,19.92,3.04938,0,18.1,2.64814
0,27.06,3.79398,-100,69,51.644,0,5962,158.53,0,0,0,0,5962,158.53,0,17.74,2.91024,0,16.54,2.64608
0,27.06,3.61118,-100,69,49.493,0,8024,147.602,0,0,0,0,8024,147.602,0,20.12,2.80966,0,17.22,2.62958
0,22.78,3.64952,-100,69,50.995,0,5742,146.055,0,0,0,0,5742,146.055,0,22.38,2.80826,0,11.3,2.63546
0,34.94,3.75676,-100,75,53.589,0,2748,139.152,0,0,0,0,2748,139.152,0,22.52,2.92264,0,17.74,2.6623
0,30.8,3.74344,-100,72,52.154,0,3969,134.902,0,0,0,0,3969,134.902,0,12.02,2.80896,0,38.18,2.74204
0,25.04,3.73664,-100,92,52.93,0,5580,150.295,0,0,0,0,5580,150.295,0,23.02,2.88818,0,42.9,2.83422
0,26.56,3.56156,-100,94,52.443,0,3155,134.193,0,0,0,0,3155,134.193,0,27.94,2.89368,0,23.08,2.79434
0,24.58,3.49322,-100,90,52.336,0,8077,154.891,0,0,0,0,8077,154.891,0,27.84,2.91256,0,16.28,2.67614
0,32.2,3.56964,-100,98,50.961,0,7600,153.071,0,0,0,0,7600,153.071,0,20.94,2.93808,0,22.04,2.80858
0,38.2,3.47326,-100,98,52.846,0,5516,156.42,0,0,0,0,5516,156.42,0,20.3,2.86658,0,20.66,2.67602
0,31.5,3.38184,-100,93,51.906,0,5473,166.249,0,0,0,0,5473,166.249,0,38.72,2.89472,0,23.3,2.65872
0,33.42,3.54636,-100,95,54.103,0,7866,188.118,0,0,0,0,7866,188.118,0,32.22,2.74518,0,22.82,2.69404
0,36.82,3.50644,-100,91,50.908,0,5533,164.113,0,0,0,0,5533,164.113,0,14.16,2.749,0,35.46,2.70006
0,36.46,3.56358,-100,95,52.718,0,5506,161.324,0,0,0,0,5506,161.324,0,36.96,2.92814,0,35.48,2.73818
0,40.02,3.54404,-100,93,53.891,0,5556,154.4,0,0,0,0,5556,154.4,0,31.56,2.81282,0,22.36,2.53926
0,39.32,3.4428,-100,95,51.838,0,7896,153.127,0,0,0,0,7896,153.127,0,33.08,2.84992,0,22.74,2.58382
0,31.08,3.38398,-100,98,57.035,0,5485,146.99,0,0,0,0,5485,146.99,0,32.94,2.86988,0,34.28,2.64596
0,30.78,3.23272,-100,98,51.965,0,8040,163.07,0,0,0,0,8040,163.07,0,33.04,2.95152,0,35.16,2.69436
0,39.98,3.25902,-100,99,52.409,0,5981,167.475,0,0,0,0,5981,167.475,0,31.16,2.95308,0,32.88,2.64698
0,38.98,3.16274,-100,98,54.954,0,6126,149.29,0,0,0,0,6126,149.29,0,66.2,3.04898,0,21.92,2.55404
0,28.96,3.13032,-100,97,55.406,0,5983,136.142,0,0,0,0,5983,136.142,0,58.94,2.99922,0,14.74,2.4332
0,36.5,3.06482,-100,99,54.378,0,2148,123.975,0,0,0,0,2148,123.975,0,32.64,2.92492,0,23.56,2.42032
0,25.2,3.03146,-100,103.54,51.6475,0,8080,148.553,0,0,0,0,8080,148.553,0,65.5,3.06106,0,27.82,2.49318
0,25.74,3.11332,-100,104.17,55.0097,0,7257,148.093,0,0,0,0,7257,148.093,0,26.76,2.9966,0,26.78,2.48084
0,30.58,3.1481,-100,98,54.329,0,2953,146.369,0,0,0,0,2953,146.369,0,17.7,2.99486,0,27.36,2.65858
0,30.5,3.19922,-100,103.91,54.1542,0,2911,142.587,0,0,0,0,2911,142.587,0,24.2,2.99638,0,27.34,2.45096
0,32.1,3.16568,-100,96,53.432,0,6751,161.196,0,0,0,0,6751,161.196,0,48.76,3.15748,0,27.5,2.3609
0,34.3,3.23918,-100,99,55.916,0,5549,145.962,0,0,0,0,5549,145.962,0,23.38,2.89832,0,27.5,2.23838
0,44.86,3.50254,-100,104.17,54.3604,0,8058,152.214,0,0,0,0,8058,152.214,0,24.94,2.7407,0,28.48,2.06562
0,19.24,3.33842,-100,98,55.665,0,2657,148.385,0,0,0,0,2657,148.385,0,22.58,2.74218,0,28.1,1.97256
0,41,3.58032,-100,104.32,57.2598,0,3305,154.418,0,0,0,0,3305,154.418,0,23.24,2.70204,0,29.4,1.9436
0,48.72,3.3932,-100,99,55.272,0,8060,169.691,0,0,0,0,8060,169.691,0,31.78,2.63236,0,31.26,1.9473
0,48.22,3.77584,-100,104.46,57.2995,0,8122,167.836,0,0,0,0,8122,167.836,0,32.96,2.51996,0,42.54,1.92438
0,47.34,3.83306,-100,97,54.515,0,7810,180.49,0,0,0,0,7810,180.49,0,54.08,2.47668,0,32.64,1.82742
0,49.78,3.8556,-100,104.46,55.7966,0,6678,149.711,0,0,0,0,6678,149.711,0,26.7,2.40826,0,34.2,1.81558
0,41.1,3.9667,-100,99,58.212,0,8064,176.198,0,0,0,0,8064,176.198,0,40.76,2.49744,0,19.92,1.76456
0,41.12,3.99786,-100,104.41,57.3811,0,8110,178.912,0,0,0,0,8110,178.912,0,26.62,2.4454,0,22.56,1.79268
0,27.02,4.21104,-100,104.53,62.3206,0,1851,143.035,0,0,0,0,1851,143.035,0,26.82,2.31768,0,22.08,1.78502
0,29.8,4.08928,-100,99,58.556,0,8069,164.03,0,0,0,0,8069,164.03,0,27.76,2.27958,0,20.16,1.68184
0,26.68,4.23874,-100,104.54,63.3294,0,8005,164.12,0,0,0,0,8005,164.12,0,26.72,2.15814,0,32.54,1.72408
0,33.34,4.06828,-100,99,62.341,0,6945,164.404,0,0,0,0,6945,164.404,0,26.62,2.23514,0,14.12,1.56942
0,41.04,4.08842,-100,99,62.324,0,6999,161.776,0,0,0,0,6999,161.776,0,27.84,2.17216,0,27.78,1.63528
0,27.72,4.34748,-100,97,62.951,0,1320,145.46,0,0,0,0,1320,145.46,0,27.32,2.24416,0,13.02,1.584
0,41.1,4.17776,-100,104.75,64.3616,0,6719,152.28,0,0,0,0,6719,152.28,0,26.86,2.28296,0,40.7,1.60362
0,40.78,4.29208,-100,104.75,65.4703,0,3378,166.824,0,0,0,0,3378,166.824,0,37.92,2.55386,0,40.18,1.65488
0,54.4,4.6979,-100,99,62.35,0,2660,167.385,0,0,0,0,2660,167.385,0,37.44,2.51572,0,53.82,1.5838
0,54.34,4.7035,-100,104.75,66.3193,0,3979,165.113,0,0,0,0,3979,165.113,0,28.26,2.74166,0,15.06,1.50538
0,81.44,4.64074,-100,104.75,69.155,0,8051,198.915,0,0,0,0,8051,198.915,0,34.76,2.95506,0,15,1.5522
0,20.88,4.66456,-100,99,68.404,0,1713,169.911,0,0,0,0,1713,169.911,0,32.82,3.0681,0,33.88,1.53802
0,81.36,4.93386,-100,99,67.382,0,4014,199.358,0,0,0,0,4014,199.358,0,35.04,3.19978,0,40.72,1.651
0,28.66,5.14722,-100,98,69.301,0,3446,196.451,0,0,0,0,3446,196.451,0,26.4,3.49928,0,18.24,1.47014
0,41.04,5.0484,-100,99,67.903,0,6607,230.677,0,0,0,0,6607,230.677,0,26.56,3.65338,0,20.1,1.31942
0,80.76,5.18178,-100,99,68.144,0,8047,221.637,0,0,0,0,8047,221.637,0,25.72,3.49676,0,19.82,1.35732
0,80.86,4.71758,-100,104.82,70.9349,0,8096,237.996,0,0,0,0,8096,237.996,0,27.16,3.51834,0,27.54,1.4359
0,33.26,4.95666,-100,104.83,70.1294,0,3259,222.111,0,0,0,0,3259,222.111,0,27.1,3.52672,0,27.2,1.37308
0,41,5.31082,-100,93,65.17,0,8081,265.794,0,0,0,0,8081,265.794,0,31.54,4.32608,0,12,1.19416
0,33.02,5.23094,-100,96,70.608,0,8058,283.604,0,0,0,0,8058,283.604,0,31.8,4.59792,0,9.38,1.22692
0,33.78,5.71704,-100,104.31,70.6453,0,8069,296.018,0,0,0,0,8069,296.018,0,36.72,4.6728,0,10.16,1.2478
0,54.3,5.79768,-100,104.3,66.4693,0,4383,271.504,0,0,0,0,4383,271.504,0,38.76,4.71206,0,26.48,1.25876
0,25.4,6.01762,-100,104.31,71.4613,0,3281,262.527,0,0,0,0,3281,262.527,0,35.64,4.6091,0,9.62,1.35162
0,33,6.20026,-100,104.86,75.2346,0,5842,264.567,0,0,0,0,5842,264.567,0,81.38,4.56604,0,11.28,1.33906
0,79.98,6.4346,-100,104.86,73.5045,0,4010,276.083,0,0,0,0,4010,276.083,0,35.9,4.76012,0,10.92,1.3009
0,41.18,6.47442,-100,103.62,70.9896,0,8043,277.902,0,0,0,0,8043,277.902,0,40.52,4.79482,0,24.16,1.26022
0,29.84,6.45618,-100,104.88,72.7864,0,5952,273.054,0,0,0,0,5952,273.054,0,40.88,4.67816,0,14.32,1.25056
0,54.3,7.44444,-100,104.88,73.7969,0,5915,283.59,0,0,0,0,5915,283.59,0,36.58,5.04738,0,14.12,1.29842
0,41.02,7.732,-100,104.83,72.3638,0,8004,289.967,0,0,0,0,8004,289.967,0,34.2,5.37314,0,14.24,1.22648
0,40.96,8.02042,-100,99,74.628,0,4020,285.38,0,0,0,0,4020,285.38,0,81.48,5.58292,0,11.72,1.1822
0,41.08,7.9427,-100,104.89,75.3512,0,3982,291.26,0,0,0,0,3982,291.26,0,68,5.47404,0,18.54,1.17134
0,42.1,8.56648,-100,98,69.15,0,4025,303.721,0,0,0,0,4025,303.721,0,81.5,6.02122,0,15.94,1.08194
0,40.6,8.9423,-100,104.9,75.8825,0,4020,278.673,0,0,0,0,4020,278.673,0,41.2,5.87632,0,14.4,1.07872
0,80.82,10.0347,-100,90,66.889,0,8076,335.194,0,0,0,0,8076,335.194,0,58.14,6.70652,0,8.44,0.94148
0,41.06,9.63502,-100,104.9,77.0595,0,3180,276.127,0,0,0,0,3180,276.127,0,47.06,5.96046,0,10.52,1.06342
0,33.28,9.808,-100,104.91,80.0978,0,1989,278.914,0,0,0,0,1989,278.914,0,42.78,6.1699,0,12.18,1.03652
0,47.8,9.67178,-100,104.91,80.5056,0,1977,264.909,0,0,0,0,1977,264.909,0,39.38,6.07632,0,7.06,1.00786
0,81.74,9.28302,-100,104.91,78.2123,0,4040,279.414,0,0,0,0,4040,279.414,0,81.12,6.17748,0,32.98,1.04892
0,54.42,9.60728,-100,104.91,78.2351,0,8040,284.69,0,0,0,0,8040,284.69,0,40.72,6.38618,0,17.62,1.01586
0,40.76,9.61986,-100,104.92,78.6027,0,8075,288.548,0,0,0,0,8075,288.548,0,40.74,6.55444,0,17.46,1.02298
0,40.78,9.42898,-100,99,77.449,0,8082,295.495,0,0,0,0,8082,295.495,0,40.56,6.66352,0,17.66,1.05994
0,32.96,10.0121,-100,104.61,77.5806,0,1955,285.965,0,0,0,0,1955,285.965,0,40.3,7.18612,0,15.86,1.0101
0,41.34,9.80318,-100,104.93,82.6582,0,8084,281.075,0,0,0,0,8084,281.075,0,33.32,6.64124,0,15.68,1.01968
0,40.76,9.60266,-100,99,77.523,0,1984,273.664,0,0,0,0,1984,273.664,0,40.38,6.93352,0,15.66,0.9828
0,54.44,9.98948,-100,96,76.371,0,8102,306.753,0,0,0,0,8102,306.753,0,40.2,7.45018,0,20.02,0.96848
0,41.12,9.90118,-100,99,77.527,0,4028,282.84,0,0,0,0,4028,282.84,0,43.02,7.10678,0,16.84,1.0094
0,53.68,9.77728,-100,99,77.742,0,8009,292.901,0,0,0,0,8009,292.901,0,53.56,7.00208,0,16.7,0.98882
0,54.52,9.82138,-100,98,77.677,0,2662,279.292,0,0,0,0,2662,279.292,0,53.82,7.11132,0,15.5,1.03058
0,41.1,9.9792,-100,99,78.233,0,8095,302.122,0,0,0,0,8095,302.122,0,41.22,7.3107,0,14.18,1.0209
0,40.78,9.71558,-100,104.92,83.4193,0,1992,265.658,0,0,0,0,1992,265.658,0,40.94,7.41262,0,14.22,1.0438
0,81.34,9.91496,-100,104.93,83.6008,0,4017,278.693,0,0,0,0,4017,278.693,0,40.4,7.41622,0,18.46,1.04714
0,33.8,10.0902,-100,104.94,83.4698,0,8009,290.949,0,0,0,0,8009,290.949,0,46.68,7.55458,0,18.32,1.08666
0,41,10.1642,-100,99,75.964,0,1979,300.99,0,0,0,0,1979,300.99,0,46.4,7.63316,0,20.88,1.08692
0,54.22,10.5236,-100,99,76.782,0,4015,311.704,0,0,0,0,4015,311.704,0,54.4,7.78094,0,13.74,1.04262
0,81.26,10.692,-100,99,76.947,0,8026,312.769,0,0,0,0,8026,312.769,0,40.44,7.71562,0,13.18,1.00454
0,29.36,10.2999,-100,99,77.472,0,2659,296.776,0,0,0,0,2659,296.776,0,45.96,7.61902,0,8.96,1.00148
0,54.22,11.0005,-100,92,72.74,0,2675,330.449,0,0,0,0,2675,330.449,0,46.16,8.41982,0,27.24,0.92674
0,54.52,10.1158,-100,104.95,82.3071,0,2676,285.825,0,0,0,0,2676,285.825,0,46.4,7.5893,0,32.86,1.06914
0,41.12,10.5131,-100,104.96,81.5218,0,8016,285.43,0,0,0,0,8016,285.43,0,46.28,7.49276,0,20.96,1.00768
0,62.14,10.8004,-100,104.59,75.6906,0,2652,298.638,0,0,0,0,2652,298.638,0,54.4,7.94062,0,12.6,1.0346
0,40.9,10.7782,-100,104.6,77.3229,0,4008,306.174,0,0,0,0,4008,306.174,0,54.92,8.45174,0,12.74,1.07788
0,41.26,10.7722,-100,104.6,78.6292,0,8089,317.15,0,0,0,0,8089,317.15,0,54.48,8.3049,0,12.64,1.10146
0,81.44,11.007,-100,104.96,78.7234,0,8144,329.267,0,0,0,0,8144,329.267,0,54.58,7.88626,0,16.48,1.03504
0,40.92,10.4556,-100,104.96,79.5657,0,8025,313.051,0,0,0,0,8025,313.051,0,46.82,7.83666,0,16.6,1.0076
0,54.76,11.519,-100,104.62,77.0064,0,8060,346.698,0,0,0,0,8060,346.698,0,54.4,9.02546,0,18.62,0.95038
0,54.38,11.2916,-100,104.98,85.8006,0,2641,310.497,0,0,0,0,2641,310.497,0,53.56,8.29644,0,19.64,1.07942
0,40.9,11.1456,-100,104.97,82.0151,0,8035,311.267,0,0,0,0,8035,311.267,0,46,8.14116,0,19.48,1.07176
0,53.4,11.2411,-100,104.97,81.7831,0,8048,332.007,0,0,0,0,8048,332.007,0,53.66,8.42588,0,19.6,1.08638
0,41.14,11.7518,-100,104.97,84.52,0,4015,341.136,0,0,0,0,4015,341.136,0,53.28,8.66084,0,19.56,1.10058
0,35.94,12.1329,-100,98,80.815,0,1574,338.356,0,0,0,0,1574,338.356,0,53.52,9.03878,0,10.94,1.04446
0,81.18,12.2569,-100,99,78.117,0,4012,351.148,0,0,0,0,4012,351.148,0,53.86,8.9234,0,19.62,1.07976
0,81.86,12.2263,-100,99,77.91,0,8013,354.766,0,0,0,0,8013,354.766,0,54.4,9.01884,0,22.5,1.05836
0,53.84,12.5439,-100,98,79.294,0,2659,364.105,0,0,0,0,2659,364.105,0,53.66,9.5233,0,54.44,1.069
0,53.92,12.0354,-100,104.99,83.6889,0,2663,350.839,0,0,0,0,2663,350.839,0,108.26,9.15248,0,20.24,1.04676
0,46.56,12.1214,-100,99,78.827,0,8037,376.705,0,0,0,0,8037,376.705,0,108.38,9.0676,0,12.18,1.02356
0,46.76,12.1382,-100,99,79.75,0,8050,365.596,0,0,0,0,8050,365.596,0,54.02,9.15964,0,17,1.088
0,40.74,12.0177,-100,104.98,83.1427,0,1998,349.357,0,0,0,0,1998,349.357,0,53.4,8.89544,0,16.36,1.0693
0,43.34,12.4283,-100,104.99,83.2861,0,1980,350.091,0,0,0,0,1980,350.091,0,53.92,8.85652,0,27.26,1.11928
0,81.1,12.653,-100,98,75.888,0,3998,369.243,0,0,0,0,3998,369.243,0,46.2,9.0304,0,23.94,1.04708
0,81.34,12.1904,-100,104.99,79.6,0,8018,362.663,0,0,0,0,8018,362.663,0,60.22,8.54554,0,23.66,1.05476
0,81.24,12.1282,-100,99,76.581,0,4016,364.12,0,0,0,0,4016,364.12,0,64.74,8.72904,0,27.26,1.0425
0,45.8,12.3402,-100,97,76.42,0,2684,377.092,0,0,0,0,2684,377.092,0,53.88,9.01638,0,27.64,1.06342
0,54.1,12.2384,-100,105,83.4684,0,3963,353.778,0,0,0,0,3963,353.778,0,54.18,8.44868,0,22.58,1.09522
0,38,12.4437,-100,105,83.3815,0,2648,352.166,0,0,0,0,2648,352.166,0,82.16,8.98414,0,23.96,1.09432
0,40.08,12.8967,-100,105,82.9226,0,8059,380.259,0,0,0,0,8059,380.259,0,81.82,9.22574,0,26.3,1.03928
0,54.2,12.9475,-100,105.01,82.2258,0,2640,371.942,0,0,0,0,2640,371.942,0,45.66,9.16212,0,26.28,1.05226
0,49.58,13.0417,-100,105.01,80.9322,0,8059,390.961,0,0,0,0,8059,390.961,0,53.7,9.20424,0,21.2,1.0106
0,44.68,13.6718,-100,105.01,81.5792,0,4039,418.094,0,0,0,0,4039,418.094,0,46.36,9.2922,0,9.38,0.96176
0,80.24,13.4786,-100,99,76.107,0,3995,419.465,0,0,0,0,3995,419.465,0,49.22,9.37858,0,20.04,0.97662
0,40.32,13.4286,-100,99,76.926,0,4010,396.9,0,0,0,0,4010,396.9,0,40.24,9.11164,0,18.66,1.02492
0,44.56,14.0786,-100,96,74.495,0,2655,425.769,0,0,0,0,2655,425.769,0,41.16,9.88038,0,27.8,1.02816
0,54.8,13.4396,-100,98,74.83,0,7956,430.754,0,0,0,0,7956,430.754,0,54.06,9.74076,0,33.14,1.03408
0,53.68,13.4527,-100,99,78.032,0,4017,390.818,0,0,0,0,4017,390.818,0,61.58,9.23096,0,33.24,1.10344
0,41.44,13.4587,-100,99,76.429,0,3987,392.981,0,0,0,0,3987,392.981,0,64.68,9.47536,0,20.9,1.02876
0,54.14,13.8111,-100,105.01,82.2054,0,2650,403.54,0,0,0,0,2650,403.54,0,53.98,9.96844,0,23.28,1.04624
0,49.58,13.7106,-100,105.02,80.8401,0,8091,425.103,0,0,0,0,8091,425.103,0,65.56,9.60448,0,21.06,1.00028
0,42.78,13.4957,-100,105.02,83.0847,0,8039,400.311,0,0,0,0,8039,400.311,0,40.74,9.40084,0,10.42,1.01682
0,41.18,13.3665,-100,105.02,81.5101,0,3982,384.571,0,0,0,0,3982,384.571,0,53.92,9.23898,0,41.08,1.10368
0,53.82,13.9955,-100,105.02,82.3547,0,2703,413.424,0,0,0,0,2703,413.424,0,53.72,9.67494,0,14.36,1.04074
0,53.58,14.0613,-100,105.02,82.7999,0,2649,393.046,0,0,0,0,2649,393.046,0,47.14,9.4512,0,23.26,1.07248
0,53.48,14.1176,-100,99,75.11,0,3995,430.567,0,0,0,0,3995,430.567,0,59.66,9.79242,0,23.22,1.1327
0,40.34,14.4846,-100,105.02,81.1316,0,2648,424.105,0,0,0,0,2648,424.105,0,54.3,9.89782,0,33.2,1.20144
0,80.66,14.859,-100,105.02,79.7592,0,2647,435.348,0,0,0,0,2647,435.348,0,64.24,9.9523,0,32.86,1.1734
0,50.74,15.4045,-100,98,75.681,0,2662,457.177,0,0,0,0,2662,457.177,0,64.48,10.1247,0,18.34,1.03242
0,41.42,14.5701,-100,98,75.227,0,8023,470.015,0,0,0,0,8023,470.015,0,63.86,10.2321,0,32.8,1.04628
0,53.82,14.7659,-100,99,76.88,0,2630,450.832,0,0,0,0,2630,450.832,0,65.14,10.1177,0,18.36,0.97512
0,54.24,15.2534,-100,96,73.866,0,8039,481.939,0,0,0,0,8039,481.939,0,40.92,10.6024,0,27.36,0.9677
0,54.32,15.1782,-100,105.04,83.0314,0,4029,459.201,0,0,0,0,4029,459.201,0,53.64,10.0294,0,27.5,1.06288
0,53.32,15.6696,-100,105.04,81.9879,0,2652,457.031,0,0,0,0,2652,457.031,0,64.86,10.2828,0,32.62,1.06622
0,64.56,15.8863,-100,105.04,81.0828,0,4023,458.629,0,0,0,0,4023,458.629,0,54.48,9.94866,0,20.7,1.13662
0,54.7,15.2862,-100,105.04,80.2345,0,8031,467.711,0,0,0,0,8031,467.711,0,81.42,10.0664,0,19.12,1.08522
0,52.32,16.029,-100,97,74.561,0,4006,494.704,0,0,0,0,4006,494.704,0,81.54,10.9051,0,32.8,1.02992
0,48.52,16.0722,-100,99,75.689,0,2644,474.953,0,0,0,0,2644,474.953,0,54.14,10.4062,0,32.84,1.05954
0,80.92,16.0391,-100,105.03,80.2767,0,4685,464.638,0,0,0,0,4685,464.638,0,53.36,10.1575,0,14.66,0.99188
0,64.94,16.259,-100,98,75.061,0,3983,473.725,0,0,0,0,3983,473.725,0,54.82,10.2919,0,17.04,0.98588
0,54.94,16.2746,-100,105.03,79.0645,0,2005,457.542,0,0,0,0,2005,457.542,0,64.84,10.2511,0,13.54,0.98432
0,53.3,16.1551,-100,105.03,81.2972,0,3204,457.398,0,0,0,0,3204,457.398,0,47.12,10.2753,0,32.86,1.09268
0,54.94,15.3456,-100,105.03,78.9046,0,8074,453.01,0,0,0,0,8074,453.01,0,54.66,9.82968,0,41.3,1.10842
0,65.1,16.284,-100,98,76.092,0,7987,476.075,0,0,0,0,7987,476.075,0,54.68,10.5413,0,33,1.12678
0,60.08,15.7658,-100,105.03,80.49,0,8051,472.345,0,0,0,0,8051,472.345,0,54.86,10.2505,0,33.1,1.11204
0,63.42,16.9133,-100,97,75.236,0,2660,490.962,0,0,0,0,2660,490.962,0,54.7,10.9558,0,27.22,1.07058
0,65.56,16.397,-100,99,76.277,0,3985,486.178,0,0,0,0,3985,486.178,0,54.74,10.7148,0,26.7,1.02654
0,80.68,17.1163,-100,98,76.533,0,8057,509.304,0,0,0,0,8057,509.304,0,54.58,11.2104,0,27.32,0.99824
0,81.36,17.3924,-100,98,77.713,0,4015,515.015,0,0,0,0,4015,515.015,0,54.86,11.3872,0,10.86,0.96428
0,64.5,17.102,-100,105.04,82.7692,0,3997,505.477,0,0,0,0,3997,505.477,0,54.88,11.1239,0,13.82,1.02734
0,64.6,17.8703,-100,98,76.043,0,2659,514.573,0,0,0,0,2659,514.573,0,54.36,11.4499,0,20.14,0.9718
0,81.74,17.8401,-100,99,75.787,0,8053,525.974,0,0,0,0,8053,525.974,0,54.48,10.9894,0,12.72,1.0179
0,66.08,17.4431,-100,98,76.838,0,8124,506.984,0,0,0,0,8124,506.984,0,54.02,10.8444,0,12.62,1.06
0,81.38,17.6038,-100,105.04,82.3486,0,4018,498.166,0,0,0,0,4018,498.166,0,54.02,10.6569,0,9.94,0.99862
0,61.02,17.4761,-100,105.04,81.1255,0,8072,519.055,0,0,0,0,8072,519.055,0,81.66,11.116,0,20.52,1.00866
0,81.62,17.5175,-100,99,77.641,0,4026,524.034,0,0,0,0,4026,524.034,0,65.48,11.48,0,12.38,1.02014
0,65.52,17.9621,-100,104.9,75.8828,0,4002,544.099,0,0,0,0,4002,544.099,0,65.8,11.4659,0,26.36,1.02962
0,108.22,18.419,-100,104.9,76.1067,0,8115,566.302,0,0,0,0,8115,566.302,0,54.54,11.7076,0,41.08,1.06558
0,81.32,17.9795,-100,105.04,80.6594,0,4022,526.323,0,0,0,0,4022,526.323,0,65.54,11.0841,0,27.7,1.06682
0,81,18.0876,-100,105.04,80.2288,0,3990,532.493,0,0,0,0,3990,532.493,0,64.96,11.3408,0,12.26,0.99396
0,81.16,18.0367,-100,99,75.477,0,8046,559.93,0,0,0,0,8046,559.93,0,54.38,11.6087,0,17.82,1.02928
0,59.38,17.8098,-100,98,74.422,0,8133,536.099,0,0,0,0,8133,536.099,0,54.8,11.742,0,16.78,1.02572
0,65.76,17.5912,-100,98,77.073,0,3208,533.19,0,0,0,0,3208,533.19,0,54.54,11.8434,0,32.64,1.0559
0,65,18.2575,-100,97,75.548,0,3196,544.866,0,0,0,0,3196,544.866,0,64.24,11.9024,0,16.6,1.02502
0,81.14,17.5808,-100,104.91,76.3269,0,4003,532.36,0,0,0,0,4003,532.36,0,65.06,11.6866,0,33.64,1.11624
0,61.66,17.2126,-100,105.04,80.2219,0,8050,529.417,0,0,0,0,8050,529.417,0,54.54,11.1652,0,35.2,1.21176
0,62.56,17.0371,-100,104.91,76.6208,0,8091,520.421,0,0,0,0,8091,520.421,0,53.42,10.6855,0,27.66,1.16048
0,80.76,16.5979,-100,105.04,80.7763,0,8029,497.335,0,0,0,0,8029,497.335,0,64.62,10.7481,0,17.94,1.17764
0,81.28,17.4033,-100,104.9,75.3818,0,4012,519.579,0,0,0,0,4012,519.579,0,69.94,11.5951,0,35.3,1.04048
0,53.74,16.0345,-100,104.91,75.7466,0,2648,473.3,0,0,0,0,2648,473.3,0,65.7,10.6512,0,17.44,1.05462
0,54.04,16.1749,-100,104.91,78.2685,0,8067,489.549,0,0,0,0,8067,489.549,0,54.08,10.6332,0,17.22,1.06786
0,51.04,16.6151,-100,104.91,77.2516,0,8048,504.498,0,0,0,0,8048,504.498,0,80.68,11.0176,0,40.98,1.06236
0,55.08,17.0018,-100,104.91,75.5841,0,4014,518.392,0,0,0,0,4014,518.392,0,65.22,11.2796,0,46.32,1.06004
0,65.54,16.3293,-100,104.9,78.1912,0,2667,494.423,0,0,0,0,2667,494.423,0,54.58,10.9625,0,34.56,1.1053
0,62.72,15.6654,-100,105.03,80.9737,0,4023,469.517,0,0,0,0,4023,469.517,0,65.42,10.1007,0,12.48,1.06214
0,54.78,15.6321,-100,105.03,83.5212,0,8063,468.213,0,0,0,0,8063,468.213,0,54.7,10.1707,0,48.24,1.19006
0,65.56,16.6484,-100,104.98,77.0567,0,8133,501.36,0,0,0,0,8133,501.36,0,55,10.8465,0,16.94,1.03586
0,66.1,17.0957,-100,104.98,76.4295,0,2667,497.292,0,0,0,0,2667,497.292,0,55.02,10.9314,0,19.54,1.00678
0,54.02,16.3419,-100,105.03,81.8217,0,8053,467.91,0,0,0,0,8053,467.91,0,54.3,10.2089,0,18.18,0.95698
0,65.78,16.617,-100,105.03,80.4417,0,8100,475.771,0,0,0,0,8100,475.771,0,54,10.3374,0,27.52,1.042
0,81.2,17.4155,-100,104.98,74.559,0,4021,508.638,0,0,0,0,4021,508.638,0,65.86,11.1108,0,27.66,0.98784
0,81.26,16.4333,-100,105.03,78.673,0,8107,496.788,0,0,0,0,8107,496.788,0,54.6,10.6813,0,23.92,1.05216
0,80.74,16.5547,-100,105.03,78.6337,0,3993,484.286,0,0,0,0,3993,484.286,0,54.36,10.4086,0,27.7,1.05122
0,81.22,17.2101,-100,104.98,74.6529,0,8001,513.178,0,0,0,0,8001,513.178,0,54.22,10.8507,0,12.36,0.92154
0,55.1,16.8881,-100,105.03,80.0997,0,8064,495.881,0,0,0,0,8064,495.881,0,54.64,10.808,0,14.88,0.97322
0,81.04,17.5942,-100,99,76.627,0,4004,496.425,0,0,0,0,4004,496.425,0,60.72,10.732,0,53.72,1.07048
0,57.08,16.9489,-100,105.04,78.8793,0,8071,488.541,0,0,0,0,8071,488.541,0,64.82,10.322,0,53.86,1.20022
0,54.38,16.9521,-100,105.04,79.3038,0,8058,491.254,0,0,0,0,8058,491.254,0,64.98,10.4203,0,53.62,1.29586
0,107.6,17.4076,-100,99,75.923,0,8065,523.981,0,0,0,0,8065,523.981,0,64.62,10.6273,0,23.62,1.15104
0,55.42,17.5091,-100,96,73.314,0,4009,524.687,0,0,0,0,4009,524.687,0,54.7,11.0529,0,32.68,1.1181
0,55.26,17.5301,-100,105.04,79.4423,0,3176,498.216,0,0,0,0,3176,498.216,0,54.46,10.4884,0,32.54,1.13512
0,55.16,17.3954,-100,99,76.588,0,8083,530.588,0,0,0,0,8083,530.588,0,54.18,11.0782,0,12.8,0.99894
0,54.84,17.5716,-100,105.04,80.8309,0,8091,528.124,0,0,0,0,8091,528.124,0,55,11.0264,0,33,1.09396
0,81.2,17.5865,-100,105.04,78.3605,0,8022,532.068,0,0,0,0,8022,532.068,0,54.56,10.9759,0,18.32,1.01438
